county,year,population
Alamance,2010,151465
Alamance,2018,167407
Alamance,2045,221168
Alamance,2048,226866
Alexander,2010,37183
Alexander,2019,36565
Alexander,2023,36560
Alexander,2025,36715
Alexander,2038,36736
Alexander,2040,36738
Alexander,2045,36748
Alleghany,2012,10867
Alleghany,2015,10915
Alleghany,2021,11120
Alleghany,2026,11176
Alleghany,2028,11202
Anson,2017,23526
Anson,2022,21502
Anson,2025,21326
Anson,2038,21111
Anson,2046,21091
Anson,2050,21092
Ashe,2044,26803
Avery,2031,17951
Avery,2039,17951
Avery,2041,17951
Avery,2049,17952
Beaufort,2013,46790
Beaufort,2014,46415
Beaufort,2018,45138
Beaufort,2023,44244
Beaufort,2029,43319
Beaufort,2032,42859
Beaufort,2036,42243
Beaufort,2042,41320
Beaufort,2043,41165
Beaufort,2050,40088
Bertie,2026,16115
Bertie,2037,14114
Bertie,2039,13753
Bertie,2049,11936
Bladen,2020,29618
Bladen,2030,28708
Bladen,2035,28731
Bladen,2039,28822
Bladen,2050,29195
Brunswick,2015,118372
Brunswick,2018,129199
Brunswick,2030,190301
Brunswick,2034,205070
Brunswick,2044,239678
Buncombe,2012,245645
Buncombe,2017,262360
Buncombe,2028,291795
Buncombe,2033,306325
Buncombe,2036,315043
Burke,2021,87812
Burke,2024,88073
Burke,2047,87497
Cabarrus,2021,231230
Cabarrus,2022,235654
Cabarrus,2024,245456
Cabarrus,2025,250522
Cabarrus,2027,260243
Cabarrus,2045,345669
Cabarrus,2050,369446
Caldwell,2015,81110
Caldwell,2033,81256
Caldwell,2040,81260
Caldwell,2043,81259
Camden,2020,10385
Camden,2027,11866
Camden,2029,12136
Camden,2030,12252
Camden,2032,12454
Camden,2039,12919
Carteret,2011,67354
Carteret,2016,67807
Carteret,2031,72658
Carteret,2039,75913
Carteret,2047,79160
Caswell,2017,22973
Caswell,2024,22148
Caswell,2037,20907
Caswell,2043,20340
Caswell,2044,20246
Caswell,2047,19963
Caswell,2048,19871
Caswell,2049,19776
Caswell,2050,19684
Catawba,2010,154760
Catawba,2017,157535
Catawba,2018,158393
Catawba,2020,160792
Catawba,2028,169113
Catawba,2029,170166
Catawba,2043,184924
Catawba,2046,188086
Catawba,2048,190194
Chatham,2029,87972
Chatham,2038,99745
Chatham,2045,108977
Cherokee,2011,27395
Cherokee,2020,28852
Cherokee,2032,31293
Cherokee,2036,32138
Cherokee,2041,33194
Cherokee,2044,33828
Cherokee,2047,34464
Chowan,2016,14016
Chowan,2020,13692
Chowan,2049,13769
Clay,2015,10747
Clay,2037,13224
Clay,2041,13700
Cleveland,2013,96827
Cleveland,2014,97074
Cleveland,2032,106317
Cleveland,2039,107118
Cleveland,2040,107178
Cleveland,2042,107272
Cleveland,2050,107458
Columbus,2017,52975
Columbus,2022,50043
Columbus,2035,47042
Columbus,2050,43549
Craven,2016,101875
Craven,2019,101167
Craven,2021,101988
Craven,2024,102233
Craven,2033,102573
Craven,2034,102586
Craven,2038,102617
Craven,2040,102624
Craven,2048,102639
Cumberland,2014,330022
Cumberland,2031,349603
Cumberland,2033,349804
Cumberland,2046,350043
Cumberland,2049,350046
Currituck,2039,53067
Currituck,2044,59582
Dare,2021,37481
Dare,2024,38848
Dare,2027,40216
Dare,2036,44319
Dare,2049,50246
Davidson,2014,163281
Davidson,2025,176800
Davidson,2027,179724
Davidson,2037,194335
Davidson,2041,200180
Davidson,2045,206025
Davie,2012,41113
Davie,2019,42333
Davie,2026,45624
Davie,2033,48899
Davie,2034,49363
Davie,2035,49831
Davie,2038,51234
Davie,2047,55441
Duplin,2020,48729
Duplin,2027,48777
Duplin,2030,48789
Duplin,2047,48818
Durham,2014,294488
Durham,2023,337195
Durham,2028,360296
Durham,2035,392632
Durham,2036,397253
Durham,2042,424974
Durham,2050,461932
Edgecombe,2015,52420
Edgecombe,2023,47122
Forsyth,2019,380663
Forsyth,2024,390943
Forsyth,2028,402829
Forsyth,2031,412599
Forsyth,2042,449998
Franklin,2022,73371
Franklin,2039,112928
Gaston,2019,226101
Gaston,2020,228264
Gaston,2022,237542
Gaston,2024,243514
Gaston,2026,246422
Gates,2015,11091
Gates,2018,10905
Gates,2020,10476
Gates,2039,10004
Gates,2043,10001
Gates,2048,10001
Graham,2011,8775
Graham,2014,8498
Graham,2017,8216
Graham,2022,8052
Graham,2046,8119
Granville,2014,57706
Granville,2015,58071
Granville,2025,64233
Granville,2031,68601
Granville,2034,70785
Granville,2035,71514
Granville,2037,72970
Granville,2038,73698
Granville,2046,79521
Greene,2023,20120
Greene,2030,20120
Greene,2040,20120
Greene,2048,20120
Guilford,2015,517510
Guilford,2020,541685
Guilford,2038,617582
Guilford,2043,643683
Guilford,2049,675086
Halifax,2013,52702
Halifax,2014,51918
Halifax,2018,49680
Halifax,2019,49173
Halifax,2030,44375
Halifax,2032,43521
Halifax,2037,41391
Halifax,2039,40538
Harnett,2019,132615
Harnett,2028,154439
Harnett,2029,156658
Harnett,2031,161123
Harnett,2035,170341
Harnett,2036,172603
Harnett,2039,179408
Harnett,2042,186217
Harnett,2045,193045
Harnett,2047,197592
Haywood,2014,59291
Haywood,2034,67619
Haywood,2036,68409
Haywood,2042,70774
Henderson,2011,107091
Henderson,2019,115539
Henderson,2027,122266
Hertford,2011,24534
Hertford,2014,23723
Hertford,2015,23419
Hertford,2018,22441
Hertford,2023,19365
Hertford,2031,18223
Hertford,2037,17366
Hertford,2038,17226
Hertford,2046,16084
Hertford,2047,15940
Hertford,2050,15513
Hoke,2019,52193
Hoke,2031,64796
Hoke,2038,71674
Hoke,2042,75592
Hyde,2013,5553
Hyde,2024,4439
Hyde,2025,4385
Hyde,2043,3473
Iredell,2011,161310
Iredell,2013,165740
Iredell,2032,240368
Iredell,2033,244787
Iredell,2034,249207
Iredell,2041,280148
Iredell,2047,306664
Jackson,2026,44408
Jackson,2029,45484
Jackson,2032,46560
Jackson,2033,46918
Jackson,2035,47637
Jackson,2037,48355
Jackson,2047,51943
Johnston,2016,191674
Johnston,2021,226661
Jones,2015,9795
Jones,2019,9311
Jones,2026,9193
Jones,2035,9193
Jones,2037,9191
Jones,2039,9192
Jones,2040,9192
Jones,2042,9193
Jones,2043,9191
Jones,2048,9192
Lee,2024,66490
Lee,2026,67969
Lee,2027,68707
Lee,2032,72403
Lee,2034,73882
Lenoir,2015,57171
Lenoir,2017,55728
Lenoir,2018,55256
Lenoir,2021,54851
Lenoir,2044,48475
Lincoln,2010,78083
Lincoln,2016,80867
Lincoln,2028,98831
Lincoln,2039,112903
Lincoln,2047,123069
Macon,2014,34581
Macon,2024,38260
Macon,2039,42813
Macon,2045,44635
Madison,2029,22051
Madison,2032,22279
Madison,2034,22430
Madison,2044,23187
Madison,2045,23262
Martin,2013,23414
Martin,2016,23021
Martin,2025,20919
Martin,2028,20362
Martin,2035,19067
Martin,2037,18695
Martin,2043,17583
Martin,2046,17026
McDowell,2015,44462
McDowell,2021,44688
Mecklenburg,2016,1057022
Mecklenburg,2017,1076357
Mecklenburg,2032,1342825
Mecklenburg,2050,1699526
Mitchell,2011,15317
Mitchell,2014,15150
Mitchell,2045,14032
Montgomery,2018,25564
Montgomery,2020,25742
Montgomery,2022,25757
Montgomery,2047,25736
Moore,2014,91620
Moore,2022,104758
Moore,2024,109485
Moore,2025,111848
Moore,2027,116560
Moore,2043,153933
Nash,2029,95368
Nash,2035,95348
Nash,2038,95343
Nash,2046,95338
New Hanover,2022,235245
New Hanover,2024,241236
New Hanover,2028,253222
New Hanover,2029,256220
New Hanover,2035,274199
New Hanover,2047,310157
Northampton,2017,18979
Northampton,2028,16056
Northampton,2030,15739
Northampton,2033,15260
Northampton,2046,13191
Northampton,2048,12871
Onslow,2010,186891
Onslow,2011,186406
Onslow,2021,206530
Onslow,2028,224136
Onslow,2030,228959
Orange,2023,151126
Orange,2027,156943
Orange,2028,158388
Orange,2038,172686
Orange,2043,179722
Pamlico,2011,13116
Pamlico,2025,12191
Pamlico,2026,12158
Pamlico,2031,11981
Pamlico,2033,11910
Pamlico,2044,11522
Pasquotank,2012,40066
Pasquotank,2024,40990
Pasquotank,2027,41202
Pasquotank,2044,41470
Pasquotank,2049,41477
Pender,2020,60441
Pender,2024,68752
Perquimans,2027,13948
Perquimans,2036,14147
Person,2012,38823
Person,2032,40244
Person,2039,40464
Person,2047,40601
Pitt,2029,176794
Pitt,2035,187081
Pitt,2038,193117
Pitt,2042,201616
Pitt,2043,203792
Pitt,2047,212625
Polk,2015,19687
Polk,2041,19659
Randolph,2010,141958
Randolph,2012,142217
Richmond,2031,40604
Richmond,2034,40026
Richmond,2039,39065
Richmond,2040,38874
Richmond,2044,38105
Robeson,2010,134066
Robeson,2027,118667
Robeson,2044,120702
Robeson,2050,120890
Rockingham,2017,90579
Rockingham,2028,92040
Rockingham,2030,92040
Rockingham,2031,92039
Rockingham,2043,92040
Rockingham,2047,92039
Rowan,2010,138417
Rowan,2014,140286
Rowan,2018,144771
Rowan,2024,151174
Rowan,2026,152593
Rowan,2042,165793
Rowan,2043,166614
Rowan,2046,169139
Rowan,2047,169973
Rowan,2048,170801
Rutherford,2010,67621
Rutherford,2025,64697
Rutherford,2030,65552
Rutherford,2032,65891
Rutherford,2050,68856
Sampson,2010,63406
Sampson,2011,63180
Sampson,2030,58862
Sampson,2033,58842
Sampson,2034,58839
Sampson,2038,58829
Sampson,2042,58824
Scotland,2013,35680
Scotland,2019,34517
Scotland,2025,32738
Scotland,2035,31456
Scotland,2040,30818
Scotland,2046,30056
Scotland,2047,29926
Stanly,2040,66309
Stanly,2043,66914
Stanly,2050,68322
Stokes,2012,46487
Stokes,2037,45834
Stokes,2047,45860
Surry,2012,72987
Surry,2013,72283
Surry,2014,72445
Surry,2016,71310
Surry,2018,71229
Surry,2025,71191
Surry,2026,71145
Surry,2033,70826
Surry,2034,70782
Surry,2049,70098
Swain,2020,14106
Swain,2025,14465
Swain,2029,14615
Swain,2046,15165
Transylvania,2014,32550
Transylvania,2019,33112
Transylvania,2024,33771
Transylvania,2033,35246
Transylvania,2042,36720
Transylvania,2050,38030
Tyrrell,2045,2532
Tyrrell,2047,2481
Tyrrell,2049,2434
Union,2010,202100
Union,2025,262980
Union,2037,336582
Union,2049,413002
Vance,2013,44035
Vance,2014,43721
Vance,2020,42587
Vance,2025,41544
Vance,2027,41388
Vance,2047,41172
Vance,2050,41171
Wake,2024,1213138
Wake,2026,1263294
Wake,2028,1314805
Wake,2037,1548172
Wake,2038,1574114
Warren,2012,20551
Warren,2013,20208
Warren,2023,18892
Warren,2030,18974
Warren,2034,19001
Warren,2044,19053
Washington,2014,12121
Washington,2020,10984
Washington,2025,10085
Washington,2027,9768
Washington,2032,9071
Washington,2039,8317
Washington,2047,7742
Washington,2048,7689
Washington,2050,7598
Watauga,2012,51869
Watauga,2013,51802
Watauga,2025,54004
Watauga,2027,55178
Watauga,2030,57018
Watauga,2041,60887
Wayne,2050,116965
Wilkes,2026,65312
Wilkes,2032,64831
Wilkes,2033,64769
Wilkes,2035,64662
Wilson,2015,79167
Wilson,2016,79013
Wilson,2017,78703
Wilson,2027,76012
Wilson,2029,75790
Wilson,2042,77832
Wilson,2044,78421
Wilson,2046,79044
Wilson,2047,79365
Yadkin,2013,37872
Yadkin,2017,37437
Yadkin,2022,37117
Yadkin,2023,37082
Yadkin,2041,36991
Yancey,2012,17809
Yancey,2017,18054
Yancey,2044,18101
Yancey,2049,18023
State,2018,10284335
State,2039,12698092
State,2044,13295680
State,2045,13414872
Alamance,2013,153643
Alamance,2033,198371
Alamance,2035,202172
Alamance,2042,215468
Alamance,2043,217367
Alamance,2047,224967
Alexander,2013,36837
Alexander,2014,36823
Alexander,2032,36726
Alexander,2033,36726
Alexander,2042,36744
Alleghany,2023,11142
Alleghany,2048,11430
Anson,2020,22054
Anson,2021,21586
Anson,2024,21376
Anson,2035,21126
Anson,2041,21101
Anson,2049,21089
Ashe,2016,26307
Ashe,2031,26723
Ashe,2033,26735
Ashe,2034,26743
Ashe,2040,26780
Ashe,2049,26832
Avery,2035,17951
Avery,2043,17952
Avery,2044,17952
Beaufort,2016,45733
Beaufort,2022,44395
Beaufort,2045,40859
Bertie,2024,16475
Bertie,2040,13572
Bladen,2012,33980
Bladen,2019,29977
Bladen,2029,28723
Bladen,2034,28715
Bladen,2041,28880
Bladen,2044,28976
Brunswick,2013,112685
Brunswick,2025,168650
Brunswick,2032,197831
Brunswick,2038,219091
Brunswick,2048,253313
Buncombe,2018,264849
Buncombe,2023,277266
Buncombe,2041,329573
Buncombe,2042,332477
Buncombe,2045,341195
Buncombe,2046,344103
Burke,2011,89805
Burke,2019,88036
Burke,2029,87786
Burke,2039,87626
Cabarrus,2014,193729
Cabarrus,2016,205716
Cabarrus,2037,307568
Cabarrus,2041,326555
Cabarrus,2043,336193
Caldwell,2011,82615
Caldwell,2025,81183
Caldwell,2032,81254
Caldwell,2042,81259
Caldwell,2045,81258
Caldwell,2049,81259
Camden,2010,10000
Camden,2021,10663
Carteret,2019,67856
Carteret,2025,70182
Carteret,2037,75098
Carteret,2041,76723
Carteret,2046,78755
Carteret,2048,79566
Carteret,2050,80381
Caswell,2016,23083
Caswell,2027,21859
Caswell,2035,21095
Caswell,2038,20813
Caswell,2042,20434
Catawba,2013,155640
Catawba,2023,163845
Catawba,2031,172276
Catawba,2050,192303
Chatham,2012,65110
Chatham,2020,76544
Chatham,2023,79708
Chatham,2030,89167
Chatham,2040,102379
Chatham,2047,111576
Chatham,2050,115545
Cherokee,2019,28931
Cherokee,2023,29387
Cherokee,2048,34675
Chowan,2013,14631
Chowan,2014,14389
Chowan,2024,13724
Clay,2023,11573
Clay,2027,12029
Clay,2035,12985
Clay,2036,13104
Clay,2040,13581
Clay,2049,14651
Cleveland,2012,97250
Cleveland,2017,97336
Cleveland,2019,98660
Cleveland,2020,99684
Cleveland,2021,100934
Cleveland,2024,103371
Cleveland,2029,105603
Cleveland,2033,106488
Columbus,2016,53639
Columbus,2019,51536
Columbus,2040,45878
Columbus,2042,45413
Columbus,2044,44946
Columbus,2048,44014
Columbus,2049,43781
Craven,2010,104123
Craven,2014,103219
Cumberland,2011,331103
Cumberland,2018,333077
Cumberland,2023,345250
Cumberland,2029,349243
Cumberland,2041,350025
Cumberland,2043,350036
Currituck,2018,26620
Currituck,2032,43940
Currituck,2045,60886
Currituck,2050,67404
Dare,2013,34808
Dare,2022,37937
Dare,2030,41583
Dare,2033,42950
Dare,2039,45687
Dare,2046,48876
Dare,2050,50700
Davidson,2012,162710
Davidson,2016,164749
Davidson,2020,169178
Davidson,2021,170907
Davidson,2029,182644
Davidson,2032,187030
Davidson,2033,188489
Davidson,2047,208949
Davie,2010,41231
Davie,2021,43280
Duplin,2011,58104
Duplin,2013,56066
Duplin,2041,48814
Durham,2020,325573
Durham,2022,332576
Durham,2038,406494
Edgecombe,2014,53814
Edgecombe,2017,50683
Edgecombe,2022,47707
Edgecombe,2024,46543
Edgecombe,2032,41892
Edgecombe,2034,40730
Edgecombe,2041,36663
Edgecombe,2044,34917
Edgecombe,2045,34336
Edgecombe,2046,33753
Edgecombe,2048,32593
Forsyth,2010,351434
Forsyth,2011,354661
Forsyth,2035,426056
Forsyth,2043,453432
Forsyth,2044,456867
Franklin,2013,61632
Franklin,2017,64554
Franklin,2021,71220
Franklin,2025,80352
Franklin,2027,85005
Franklin,2033,98968
Franklin,2041,117581
Franklin,2046,129216
Franklin,2047,131544
Gaston,2016,217334
Gaston,2023,241175
Gaston,2035,263460
Gaston,2036,265377
Gaston,2040,273091
Gaston,2043,278871
Gaston,2048,288505
Gates,2031,10036
Gates,2032,10029
Gates,2037,10007
Gates,2038,10006
Gates,2045,10001
Gates,2047,10000
Graham,2024,8075
Graham,2030,8105
Graham,2034,8114
Graham,2042,8117
Granville,2017,59895
Granville,2020,61059
Granville,2048,80976
Greene,2010,21240
Greene,2014,20834
Greene,2028,20120
Greene,2033,20120
Greene,2034,20118
Greene,2047,20120
Greene,2049,20120
Guilford,2013,507726
Guilford,2017,529098
Guilford,2022,544278
Guilford,2025,553974
Guilford,2031,581658
Guilford,2033,591765
Guilford,2039,622790
Guilford,2042,638452
Guilford,2047,664613
Guilford,2048,669850
Halifax,2011,54012
Halifax,2035,42243
Halifax,2038,40964
Halifax,2049,36271
Harnett,2010,115693
Harnett,2014,124529
Harnett,2015,125704
Harnett,2034,168026
Harnett,2040,181670
Harnett,2044,190766
Harnett,2046,195318
Harnett,2049,202136
Haywood,2015,59805
Haywood,2017,61552
Haywood,2020,62146
Haywood,2022,62888
Haywood,2039,69592
Haywood,2043,71167
Henderson,2012,107415
Henderson,2042,141409
Henderson,2043,142707
Hertford,2044,16371
Hoke,2015,50663
Hoke,2022,55151
Hoke,2024,57571
Hoke,2033,66769
Hoke,2035,68733
Hoke,2037,70695
Hyde,2021,4603
Hyde,2037,3762
Iredell,2010,159854
Iredell,2018,181042
Iredell,2038,266886
Iredell,2046,302247
Jackson,2017,42884
Jackson,2041,49790
Jackson,2042,50149
Jackson,2050,53019
Johnston,2026,262024
Johnston,2027,267278
Jones,2016,9632
Jones,2018,9511
Jones,2025,9196
Lee,2011,58432
Lee,2037,76101
Lee,2042,79796
Lenoir,2016,56394
Lenoir,2031,52080
Lenoir,2032,51802
Lenoir,2037,50418
Lenoir,2048,47368
Lincoln,2036,109133
Lincoln,2038,111646
Lincoln,2040,114153
Lincoln,2043,117963
Lincoln,2044,119239
Macon,2012,34031
Macon,2016,35254
Macon,2038,42511
Madison,2017,21321
Madison,2025,21750
Madison,2027,21900
Madison,2033,22354
Madison,2037,22657
Martin,2019,22285
Martin,2031,19806
Martin,2040,18139
McDowell,2012,44869
McDowell,2020,44591
McDowell,2022,44443
McDowell,2024,44772
McDowell,2030,44774
McDowell,2038,44773
McDowell,2039,44775
McDowell,2044,44774
Mecklenburg,2018,1091236
Mecklenburg,2028,1262367
Mecklenburg,2033,1362438
Mecklenburg,2034,1382192
Mecklenburg,2037,1441824
Mitchell,2023,14854
Mitchell,2042,14138
Mitchell,2049,13893
Montgomery,2013,26915
Montgomery,2017,25902
Montgomery,2021,25782
Montgomery,2025,25738
Montgomery,2028,25734
Montgomery,2038,25735
Montgomery,2039,25737
Montgomery,2045,25736
Montgomery,2048,25736
Montgomery,2049,25738
Moore,2016,93845
Moore,2017,95344
Moore,2019,98346
Moore,2036,137657
Moore,2049,167795
Nash,2016,93533
Nash,2024,95413
Nash,2025,95399
Nash,2030,95361
Nash,2031,95359
Nash,2037,95344
Nash,2043,95338
Nash,2044,95338
Nash,2050,95338
New Hanover,2010,203092
New Hanover,2017,222969
New Hanover,2019,225161
New Hanover,2026,247230
New Hanover,2031,262214
New Hanover,2049,316151
Northampton,2027,16216
Northampton,2029,15897
Northampton,2035,14941
Northampton,2042,13825
Onslow,2020,204798
Onslow,2026,219312
Onslow,2046,267549
Orange,2010,134010
Orange,2014,140590
Orange,2025,154040
Orange,2029,159829
Orange,2034,167003
Orange,2039,174096
Orange,2044,181119
Pamlico,2020,12291
Pamlico,2039,11697
Pamlico,2048,11382
Pamlico,2050,11310
Pasquotank,2011,40165
Pasquotank,2013,39319
Pasquotank,2047,41476
Pender,2018,59154
Pender,2022,65282
Pender,2036,81023
Pender,2044,89203
Pender,2048,93292
Perquimans,2011,13498
Perquimans,2016,13129
Perquimans,2043,14168
Perquimans,2049,14172
Person,2021,39486
Person,2025,39846
Person,2030,40156
Person,2034,40321
Person,2035,40356
Person,2042,40528
Person,2045,40574
Person,2049,40621
Pitt,2010,168567
Pitt,2016,168820
Pitt,2017,169207
Pitt,2021,172014
Pitt,2028,175469
Pitt,2030,178262
Polk,2013,19860
Polk,2019,19538
Polk,2022,19571
Polk,2034,19648
Polk,2040,19657
Randolph,2015,142252
Randolph,2016,142771
Randolph,2033,153217
Randolph,2035,154566
Randolph,2041,158612
Randolph,2045,161313
Randolph,2048,163335
Richmond,2014,44668
Richmond,2017,43793
Richmond,2027,41371
Richmond,2032,40411
Robeson,2016,123542
Robeson,2023,117372
Robeson,2025,118089
Robeson,2028,118916
Robeson,2029,119137
Robeson,2030,119335
Robeson,2031,119515
Robeson,2032,119675
Robeson,2039,120421
Robeson,2043,120658
Robeson,2045,120742
Rockingham,2025,92033
Rockingham,2045,92040
Rockingham,2050,92040
Rowan,2021,147799
Rowan,2027,153211
Rowan,2029,154824
Rowan,2040,164172
Rowan,2045,168296
Rowan,2050,172453
Rutherford,2013,66324
Rutherford,2015,65339
Rutherford,2016,64929
Rutherford,2021,64263
Rutherford,2023,64350
Rutherford,2024,64523
Rutherford,2026,64867
Rutherford,2039,67066
Sampson,2013,62595
Sampson,2024,58938
Sampson,2032,58849
Sampson,2039,58827
Sampson,2041,58824
Scotland,2015,35063
Scotland,2016,35044
Scotland,2026,32597
Scotland,2034,31584
Scotland,2037,31200
Scotland,2050,29543
Stanly,2012,60019
Stanly,2017,61456
Stanly,2036,65504
Stanly,2047,67720
Stanly,2048,67921
Stanly,2049,68122
Stokes,2011,46973
Stokes,2035,45818
Stokes,2041,45851
Stokes,2046,45859
Stokes,2048,45857
Surry,2020,71326
Surry,2024,71236
Surry,2029,71009
Surry,2041,70462
Surry,2042,70417
Swain,2022,14316
Swain,2028,14580
Swain,2036,14846
Swain,2042,15036
Swain,2043,15069
Transylvania,2016,32786
Transylvania,2017,32954
Transylvania,2047,37538
Tyrrell,2010,4404
Tyrrell,2016,3897
Tyrrell,2030,2942
Union,2016,223538
Union,2023,252232
Union,2030,292658
Union,2046,393868
Vance,2011,45186
Vance,2040,41177
Vance,2046,41174
Wake,2033,1444411
Wake,2039,1600055
Wake,2042,1677880
Wake,2047,1807582
Warren,2021,18850
Warren,2022,18873
Warren,2027,18949
Warren,2042,19042
Washington,2019,11160
Washington,2023,10425
Washington,2026,9925
Washington,2030,9332
Washington,2033,8948
Washington,2034,8830
Watauga,2010,50900
Watauga,2019,54466
Watauga,2020,54483
Watauga,2032,57756
Watauga,2035,58532
Watauga,2043,61666
Watauga,2045,62434
Watauga,2047,63207
Wayne,2011,123190
Wayne,2013,122793
Wayne,2016,119858
Wayne,2021,117662
Wayne,2025,117301
Wayne,2029,117124
Wayne,2049,116965
Wilkes,2014,67712
Wilkes,2019,66189
Wilkes,2020,65983
Wilkes,2022,65698
Wilkes,2023,65600
Wilkes,2028,65139
Wilkes,2037,64584
Wilkes,2039,64537
Wilkes,2040,64527
Wilkes,2044,64590
Wilkes,2050,65040
Wilson,2025,76495
Wilson,2032,75832
Wilson,2035,76201
Wilson,2043,78123
Wilson,2049,80029
Wilson,2050,80365
Yadkin,2021,37164
Yadkin,2028,37007
Yadkin,2037,36993
Yadkin,2040,36993
Yadkin,2047,36992
Yadkin,2048,36992
Yancey,2011,17809
Yancey,2027,18375
Yancey,2043,18116
Yancey,2048,18039
State,2015,9968747
State,2025,11038826
State,2026,11154686
State,2038,12579058
Alamance,2011,152100
Alamance,2015,157162
Alamance,2020,171753
Alamance,2028,188874
Alamance,2039,209767
Alamance,2040,211669
Alexander,2011,36968
Alexander,2020,36464
Alexander,2022,36429
Alexander,2024,36625
Alexander,2027,36718
Alexander,2044,36746
Alleghany,2010,11120
Alleghany,2038,11315
Alleghany,2039,11329
Alleghany,2044,11385
Alleghany,2050,11453
Anson,2030,21185
Anson,2047,21092
Ashe,2017,26401
Ashe,2019,26645
Ashe,2046,26814
Ashe,2047,26820
Ashe,2048,26827
Avery,2011,17894
Avery,2017,17736
Avery,2021,17951
Avery,2025,17950
Avery,2028,17952
Avery,2037,17950
Avery,2038,17952
Avery,2048,17951
Avery,2050,17952
Beaufort,2012,47211
Beaufort,2015,46147
Beaufort,2017,45440
Beaufort,2024,44090
Bertie,2010,21197
Bertie,2020,17905
Bertie,2027,15928
Bertie,2046,12479
Bladen,2010,35038
Bladen,2028,28751
Bladen,2032,28702
Bladen,2037,28771
Brunswick,2014,115479
Brunswick,2017,124921
Brunswick,2022,150848
Brunswick,2023,157537
Brunswick,2039,222546
Brunswick,2043,236266
Brunswick,2045,243090
Buncombe,2013,249325
Buncombe,2014,252384
Buncombe,2020,269797
Buncombe,2037,317949
Buncombe,2047,347009
Burke,2015,87316
Burke,2018,88040
Burke,2032,87745
Burke,2035,87687
Burke,2037,87657
Burke,2040,87609
Burke,2042,87577
Cabarrus,2017,211381
Cabarrus,2026,255458
Cabarrus,2032,283590
Cabarrus,2044,340953
Cabarrus,2047,355097
Caldwell,2013,81615
Caldwell,2020,80620
Caldwell,2027,81227
Caldwell,2034,81257
Caldwell,2046,81259
Caldwell,2048,81259
Camden,2022,10915
Camden,2033,12541
Carteret,2021,68284
Carteret,2029,71841
Carteret,2034,73877
Caswell,2020,22736
Caswell,2029,21668
Caswell,2039,20717
Catawba,2012,155734
Chatham,2016,70574
Cherokee,2012,27266
Cherokee,2013,27217
Cherokee,2017,28296
Cherokee,2022,29177
Cherokee,2027,30234
Cherokee,2033,31501
Chowan,2017,13872
Chowan,2018,13802
Chowan,2022,13677
Chowan,2023,13722
Chowan,2034,13742
Chowan,2038,13749
Chowan,2042,13756
Chowan,2046,13764
Clay,2017,11130
Clay,2020,11115
Clay,2032,12626
Clay,2033,12746
Clay,2048,14533
Clay,2050,14771
Cleveland,2022,101874
Cleveland,2025,103964
Cleveland,2031,106113
Cleveland,2034,106637
Cleveland,2036,106876
Cleveland,2044,107340
Columbus,2012,56893
Columbus,2015,54489
Columbus,2024,49600
Columbus,2027,48906
Columbus,2030,48209
Columbus,2031,47976
Columbus,2032,47742
Columbus,2041,45645
Craven,2026,102367
Craven,2036,102603
Craven,2041,102627
Craven,2045,102635
Craven,2046,102637
Cumberland,2010,327275
Cumberland,2021,342082
Cumberland,2026,348081
Cumberland,2027,348587
Cumberland,2032,349718
Cumberland,2034,349867
Cumberland,2040,350017
Alamance,2019,169785
Cumberland,2045,350040
Alamance,2029,190773
Cumberland,2047,350044
Alamance,2031,194571
Currituck,2015,25122
Alamance,2032,196471
Currituck,2017,26061
Alamance,2036,204070
Currituck,2021,29602
Alamance,2038,207869
Currituck,2022,30904
Alamance,2041,213567
Currituck,2038,51760
Alexander,2018,36664
Currituck,2040,54369
Alexander,2026,36716
Currituck,2046,62189
Alexander,2031,36724
Currituck,2048,64796
Alexander,2034,36729
Dare,2015,35228
Alexander,2035,36730
Dare,2017,35939
Alexander,2039,36739
Dare,2025,39303
Alexander,2048,36752
Dare,2028,40672
Alleghany,2027,11188
Dare,2037,44775
Alleghany,2030,11222
Dare,2038,45232
Alleghany,2032,11247
Dare,2043,47510
Alleghany,2035,11282
Dare,2044,47967
Alleghany,2036,11293
Davidson,2015,163650
Alleghany,2043,11372
Davidson,2022,172093
Alleghany,2046,11406
Davidson,2034,189951
Anson,2010,26777
Davidson,2038,195796
Anson,2012,26003
Davidson,2039,197257
Anson,2015,24599
Davidson,2043,203104
Anson,2034,21134
Davidson,2048,210410
Anson,2043,21097
Davidson,2050,213330
Anson,2044,21096
Davie,2027,46093
Anson,2048,21091
Davie,2032,48429
Ashe,2014,26682
Davie,2041,52635
Ashe,2021,26701
Davie,2050,56841
Ashe,2023,26685
Duplin,2015,53663
Ashe,2024,26679
Duplin,2023,48754
Ashe,2025,26690
Duplin,2024,48762
Ashe,2037,26760
Duplin,2029,48784
Ashe,2041,26786
Duplin,2035,48805
Avery,2014,17752
Duplin,2038,48810
Avery,2015,17609
Duplin,2040,48811
Avery,2018,17788
Duplin,2046,48819
Avery,2022,17951
Durham,2018,315929
Avery,2023,17951
Durham,2019,322369
Avery,2024,17951
Durham,2041,420352
Avery,2030,17952
Edgecombe,2011,55809
Avery,2033,17951
Edgecombe,2018,49860
Avery,2040,17950
Edgecombe,2037,38985
Avery,2042,17951
Forsyth,2013,360646
Beaufort,2020,44669
Forsyth,2014,364207
Beaufort,2021,44561
Forsyth,2017,374689
Beaufort,2025,43936
Forsyth,2020,382944
Beaufort,2028,43474
Forsyth,2029,406035
Beaufort,2035,42397
Forsyth,2032,415931
Bertie,2011,20757
Forsyth,2033,419289
Bertie,2015,19537
Franklin,2014,61965
Bertie,2019,18064
Franklin,2028,87332
Bertie,2021,17214
Franklin,2034,101293
Bertie,2028,15748
Franklin,2038,110600
Bertie,2030,15386
Franklin,2044,124563
Bertie,2032,15021
Franklin,2049,136197
Bertie,2033,14841
Gaston,2011,207701
Bertie,2038,13933
Gaston,2017,220837
Bertie,2041,13389
Gaston,2021,232789
Bertie,2045,12663
Gaston,2025,245067
Bladen,2013,33387
Gaston,2031,255750
Bladen,2021,29402
Gaston,2045,282724
Bladen,2027,28786
Gaston,2049,290432
Bladen,2046,29047
Gates,2016,11104
Alamance,2014,155558
Bladen,2048,29121
Gates,2028,10075
Alamance,2022,177141
Brunswick,2019,133610
Gates,2040,10003
Alamance,2034,200269
Brunswick,2024,163278
Gates,2042,10002
Alamance,2044,219267
Brunswick,2028,182284
Graham,2029,8103
Alamance,2049,228765
Brunswick,2031,194127
Graham,2038,8118
Alexander,2017,36683
Brunswick,2036,212135
Graham,2045,8117
Alexander,2029,36720
Brunswick,2049,256717
Granville,2013,57491
Alexander,2037,36733
Buncombe,2010,238846
Granville,2016,58854
Alexander,2043,36743
Buncombe,2024,280171
Granville,2021,61150
Alleghany,2013,10876
Buncombe,2025,283079
Granville,2027,65690
Alleghany,2017,10915
Buncombe,2026,285984
Granville,2039,74424
Alleghany,2020,10909
Buncombe,2027,288887
Granville,2040,75153
Alleghany,2031,11236
Buncombe,2030,297608
Granville,2042,76609
Alleghany,2041,11351
Buncombe,2038,320854
Granville,2044,78064
Alleghany,2042,11360
Buncombe,2039,323761
Granville,2045,78793
Anson,2029,21202
Burke,2012,88820
Greene,2013,20763
Anson,2031,21167
Burke,2026,87748
Greene,2017,20836
Anson,2032,21155
Burke,2034,87703
Greene,2037,20120
Anson,2037,21113
Burke,2036,87674
Greene,2043,20119
Anson,2040,21103
Burke,2046,87512
Greene,2045,20120
Anson,2045,21095
Burke,2050,87447
Guilford,2010,489672
Ashe,2012,26909
Cabarrus,2010,178757
Guilford,2016,524983
Ashe,2020,26582
Cabarrus,2011,181534
Guilford,2018,535150
Ashe,2027,26701
Cabarrus,2019,221814
Guilford,2019,538536
Ashe,2035,26749
Cabarrus,2020,226641
Guilford,2021,542451
Ashe,2050,26840
Cabarrus,2033,288496
Guilford,2029,571828
Avery,2010,17788
Cabarrus,2046,350374
Guilford,2036,607198
Avery,2019,17784
Caldwell,2019,80864
Halifax,2015,51003
Avery,2027,17951
Caldwell,2021,80820
Halifax,2016,50668
Avery,2029,17952
Caldwell,2024,81141
Halifax,2017,50305
Avery,2046,17950
Caldwell,2044,81260
Halifax,2023,47359
Avery,2047,17951
Caldwell,2047,81260
Halifax,2029,44802
Beaufort,2034,42551
Camden,2011,9992
Halifax,2036,41815
Beaufort,2049,40241
Camden,2012,9879
Harnett,2020,133784
Bertie,2018,18370
Camden,2013,9941
Harnett,2022,139562
Bertie,2031,15205
Camden,2014,10027
Harnett,2025,148250
Bertie,2048,12119
Camden,2016,10004
Harnett,2033,165742
Bladen,2015,32189
Camden,2018,10124
Harnett,2038,177136
Bladen,2022,29195
Camden,2019,10257
Harnett,2043,188494
Bladen,2033,28708
Camden,2034,12620
Haywood,2018,61837
Brunswick,2029,186394
Camden,2040,12963
Haywood,2038,69198
Brunswick,2033,201489
Camden,2044,13103
Haywood,2040,69985
Brunswick,2035,208623
Carteret,2020,67739
Haywood,2048,73141
Brunswick,2041,229421
Carteret,2023,69296
Henderson,2017,114035
Brunswick,2042,232844
Carteret,2028,71431
Henderson,2023,118043
Buncombe,2016,260096
Carteret,2033,73473
Henderson,2028,123466
Buncombe,2031,300512
Carteret,2042,77130
Henderson,2030,125945
Buncombe,2034,309231
Carteret,2049,79974
Henderson,2037,134923
Buncombe,2040,326666
Caswell,2030,21572
Henderson,2041,140113
Burke,2016,87691
Caswell,2031,21475
Henderson,2044,144005
Burke,2027,87823
Caswell,2033,21288
Henderson,2048,149201
Cabarrus,2018,216576
Caswell,2034,21193
Henderson,2049,150499
Cabarrus,2028,264859
Catawba,2021,161736
Henderson,2050,151797
Cabarrus,2034,293382
Catawba,2039,180707
Hertford,2020,21516
Cabarrus,2036,302909
Chatham,2010,63836
Hertford,2026,18935
Cabarrus,2038,312231
Chatham,2013,66048
Hertford,2030,18366
Cabarrus,2039,316948
Chatham,2021,77420
Hertford,2032,18081
Cabarrus,2048,359855
Chatham,2024,81210
Hertford,2040,16939
Caldwell,2010,82940
Chatham,2026,84280
Hoke,2010,47446
Caldwell,2018,80665
Chatham,2032,91830
Hoke,2028,61800
Caldwell,2026,81210
Chatham,2033,93243
Hoke,2029,62806
Caldwell,2050,81259
Cherokee,2021,28964
Hoke,2030,63805
Camden,2023,11144
Cherokee,2024,29599
Hoke,2032,65783
Camden,2024,11351
Cherokee,2029,30655
Hoke,2034,67752
Camden,2026,11710
Cherokee,2040,32982
Hoke,2049,82443
Camden,2042,13040
Cherokee,2043,33618
Hyde,2010,5796
Camden,2045,13130
Cherokee,2046,34252
Hyde,2017,5001
Carteret,2018,67878
Chowan,2012,14598
Hyde,2020,4572
Carteret,2027,71020
Chowan,2039,13750
Hyde,2023,4495
Carteret,2035,74286
Chowan,2048,13766
Hyde,2034,3914
Carteret,2036,74693
Chowan,2050,13771
Hyde,2035,3864
Caswell,2012,23336
Clay,2024,11685
Hyde,2041,3570
Caswell,2019,22869
Clay,2028,12151
Hyde,2046,3335
Caswell,2032,21381
Clay,2030,12389
Hyde,2049,3199
Catawba,2016,156885
Clay,2043,13937
Hyde,2050,3156
Catawba,2019,159673
Cleveland,2043,107309
Iredell,2023,200590
Catawba,2045,187033
Columbus,2014,55325
Iredell,2029,227109
Chatham,2014,67280
Columbus,2018,52186
Iredell,2030,231528
Chatham,2044,107689
Columbus,2028,48672
Iredell,2031,235948
Chatham,2046,110269
Columbus,2039,46111
Iredell,2037,262466
Chatham,2049,114222
Columbus,2047,44248
Iredell,2042,284566
Cherokee,2014,27210
Craven,2011,104318
Jackson,2016,42489
Cherokee,2031,31079
Craven,2028,102456
Jackson,2038,48715
Cherokee,2037,32349
Craven,2029,102490
Jackson,2039,49073
Cherokee,2045,34039
Craven,2037,102611
Jackson,2040,49430
Chowan,2029,13733
Craven,2042,102631
Jackson,2044,50867
Chowan,2040,13754
Cumberland,2015,329843
Johnston,2013,177960
Chowan,2044,13760
Cumberland,2037,349974
Johnston,2017,197453
Clay,2018,11136
Currituck,2016,25513
Johnston,2018,204099
Clay,2025,11797
Dare,2014,34939
Johnston,2030,282334
Clay,2044,14056
Dare,2031,42040
Jones,2017,9541
Clay,2046,14295
Davidson,2017,165580
Jones,2024,9195
Clay,2047,14414
Davidson,2018,166813
Jones,2046,9191
Cleveland,2010,97885
Davidson,2040,198719
Lee,2012,59098
Cleveland,2018,97883
Davie,2011,41195
Lee,2017,60716
Cleveland,2028,105282
Davie,2015,41207
Lee,2021,64068
Columbus,2023,49851
Davie,2016,41631
Lee,2036,75362
Columbus,2033,47510
Davie,2018,42102
Lee,2041,79058
Columbus,2036,46811
Davie,2031,47963
Lee,2047,83494
Columbus,2037,46577
Duplin,2016,52597
Lenoir,2024,54018
Columbus,2045,44715
Duplin,2019,49505
Lenoir,2042,49031
Craven,2030,102518
Duplin,2022,48747
Lenoir,2049,47090
Craven,2032,102559
Duplin,2025,48767
Lincoln,2029,100046
Craven,2035,102595
Duplin,2039,48812
Lincoln,2031,102565
Craven,2043,102631
Durham,2011,276527
Lincoln,2042,116686
Craven,2050,102639
Durham,2015,299753
Macon,2023,37957
Cumberland,2017,329639
Durham,2016,306401
Macon,2026,38867
Cumberland,2022,343588
Durham,2044,434214
Macon,2041,43421
Cumberland,2024,346484
Durham,2048,452693
Macon,2043,44030
Cumberland,2025,347401
Edgecombe,2026,45379
Macon,2047,45243
Cumberland,2028,348965
Edgecombe,2033,41312
Macon,2049,45850
Cumberland,2036,349948
Edgecombe,2039,37823
Madison,2010,20766
Cumberland,2048,350045
Edgecombe,2042,36080
Madison,2012,20998
Currituck,2010,23652
Forsyth,2018,378098
Madison,2015,21129
Currituck,2020,28298
Forsyth,2041,446567
Madison,2019,21187
Currituck,2035,47851
Forsyth,2048,470617
Madison,2022,21522
Currituck,2036,49155
Franklin,2015,62638
Madison,2035,22507
Currituck,2043,58277
Franklin,2016,63536
Madison,2042,23035
Dare,2011,34152
Franklin,2024,78026
Madison,2043,23113
Dare,2012,34542
Franklin,2035,103622
Madison,2050,23640
Dare,2018,36220
Gaston,2027,247944
Martin,2014,23307
Dare,2019,36591
Gaston,2029,251696
Martin,2022,21476
Dare,2047,49334
Gaston,2030,253731
Martin,2044,17396
Davidson,2011,162904
Gaston,2032,257719
Martin,2047,16841
Davidson,2013,163066
Gaston,2034,261554
Martin,2048,16655
Davidson,2024,175339
Gaston,2037,267300
McDowell,2013,44686
Davidson,2028,181184
Gaston,2041,275018
McDowell,2014,44538
Davidson,2031,185568
Gaston,2042,276947
McDowell,2016,44348
Davidson,2035,191413
Gates,2034,10016
McDowell,2028,44774
Davidson,2042,201641
Gates,2049,9999
McDowell,2031,44775
Davidson,2044,204566
Graham,2010,8846
McDowell,2036,44774
Davie,2013,41154
Graham,2016,8357
McDowell,2043,44772
Davie,2014,41012
Graham,2019,8043
Mecklenburg,2024,1185088
Davie,2022,43754
Graham,2021,8044
Mecklenburg,2027,1243166
Davie,2025,45158
Graham,2035,8117
Mecklenburg,2041,1521084
Davie,2028,46558
Graham,2040,8117
Mitchell,2017,14993
Davie,2039,51701
Graham,2041,8118
Mitchell,2018,15005
Davie,2042,53102
Graham,2044,8119
Mitchell,2020,14895
Davie,2045,54505
Graham,2049,8118
Mitchell,2022,14895
Duplin,2014,54961
Graham,2050,8121
Mitchell,2027,14698
Duplin,2021,48754
Granville,2018,60476
Mitchell,2030,14580
Duplin,2026,48772
Granville,2024,63507
Mitchell,2039,14247
Duplin,2032,48796
Greene,2016,20876
Montgomery,2019,25688
Duplin,2034,48802
Greene,2026,20121
Montgomery,2027,25736
Duplin,2042,48815
Greene,2027,20121
Montgomery,2029,25736
Durham,2010,271486
Greene,2029,20120
Montgomery,2032,25736
Durham,2012,282585
Greene,2036,20121
Montgomery,2041,25737
Durham,2027,355675
Greene,2042,20120
Moore,2021,102517
Durham,2031,374154
Greene,2050,20120
Moore,2026,114205
Durham,2032,378775
Guilford,2012,501968
Moore,2037,139989
Durham,2040,415735
Guilford,2014,512560
Moore,2041,149295
Durham,2043,429592
Guilford,2026,558089
Nash,2011,95664
Durham,2046,443454
Guilford,2034,596881
Nash,2012,94972
Edgecombe,2020,48820
Guilford,2046,659379
Nash,2027,95381
Edgecombe,2028,44218
Halifax,2024,46934
Nash,2034,95349
Edgecombe,2043,35497
Halifax,2028,45229
Nash,2047,95339
Forsyth,2012,357998
Halifax,2033,43096
Nash,2048,95337
Forsyth,2015,366725
Halifax,2040,40110
New Hanover,2015,215383
Forsyth,2016,370709
Halifax,2043,38831
New Hanover,2018,225193
Forsyth,2023,388365
Harnett,2023,143081
New Hanover,2020,226077
Forsyth,2038,436286
Haywood,2012,58890
New Hanover,2041,292176
Forsyth,2039,439710
Haywood,2023,63282
New Hanover,2043,298172
Franklin,2026,82678
Haywood,2025,64073
New Hanover,2048,313155
Franklin,2029,89658
Haywood,2029,65649
Northampton,2012,20916
Franklin,2030,91985
Haywood,2032,66832
Northampton,2021,17116
Franklin,2043,122237
Haywood,2044,71563
Northampton,2041,13983
Franklin,2050,138523
Henderson,2013,108249
Northampton,2050,12552
Gaston,2013,210384
Henderson,2016,112760
Onslow,2013,193264
Alamance,2016,160552
Gaston,2018,223748
Henderson,2018,115120
Onslow,2017,196022
Alamance,2027,186974
Gaston,2033,259646
Henderson,2024,118965
Onslow,2027,221723
Alexander,2046,36749
Gaston,2038,269232
Henderson,2031,127210
Onslow,2031,231371
Alexander,2047,36751
Gaston,2047,286578
Henderson,2038,136219
Onslow,2035,241019
Alexander,2050,36755
Gaston,2050,292357
Henderson,2046,146601
Onslow,2043,260314
Alleghany,2016,10916
Gates,2011,11895
Hertford,2010,24716
Onslow,2048,272374
Alleghany,2018,10924
Gates,2024,10195
Hertford,2019,22045
Onslow,2049,274785
Alleghany,2022,11132
Gates,2025,10153
Hertford,2025,19079
Orange,2019,147802
Alleghany,2024,11155
Gates,2026,10121
Hertford,2033,17937
Orange,2030,161272
Alleghany,2025,11165
Graham,2012,8698
Hertford,2041,16797
Orange,2033,165574
Alleghany,2029,11214
Graham,2018,8099
Hertford,2048,15799
Orange,2035,168428
Alleghany,2034,11269
Graham,2032,8111
Hoke,2014,49961
Orange,2042,178321
Anson,2014,25138
Graham,2048,8119
Hyde,2011,5734
Pamlico,2017,12514
Anson,2016,23957
Granville,2010,57674
Hyde,2016,5201
Pamlico,2030,12016
Anson,2023,21433
Granville,2011,57720
Hyde,2018,4722
Pamlico,2034,11875
Anson,2033,21143
Granville,2026,64960
Hyde,2044,3427
Pamlico,2035,11838
Anson,2036,21119
Granville,2028,66415
Hyde,2048,3244
Pamlico,2040,11662
Anson,2039,21107
Granville,2032,69328
Iredell,2014,168060
Pamlico,2043,11559
Anson,2042,21098
Granville,2033,70058
Iredell,2022,196170
Pamlico,2047,11416
Ashe,2011,26979
Granville,2050,82432
Iredell,2035,253627
Pasquotank,2021,40629
Ashe,2015,26350
Greene,2015,20685
Iredell,2043,288986
Pasquotank,2029,41291
Ashe,2018,26591
Greene,2021,20124
Iredell,2044,293408
Pasquotank,2034,41407
Ashe,2028,26706
Greene,2024,20119
Jackson,2011,40319
Pasquotank,2036,41432
Ashe,2029,26713
Greene,2025,20120
Jackson,2015,41186
Pasquotank,2050,41479
Ashe,2039,26775
Guilford,2024,550216
Jackson,2018,43022
Pender,2015,55984
Ashe,2042,26791
Guilford,2037,612383
Jackson,2023,43331
Pender,2019,59641
Ashe,2043,26796
Guilford,2040,628007
Jackson,2025,44050
Pender,2023,67729
Ashe,2045,26810
Guilford,2044,648913
Jackson,2049,52662
Pender,2040,85113
Avery,2013,17763
Guilford,2045,654146
Johnston,2019,211110
Perquimans,2018,13000
Avery,2016,17662
Guilford,2050,680324
Johnston,2024,250281
Perquimans,2019,13079
Avery,2026,17952
Halifax,2020,48581
Johnston,2029,277374
Perquimans,2025,13815
Avery,2036,17951
Halifax,2021,48214
Johnston,2043,346223
Perquimans,2026,13890
Avery,2045,17951
Halifax,2025,46508
Johnston,2045,356043
Perquimans,2028,13996
Beaufort,2026,43781
Halifax,2034,42669
Johnston,2048,370775
Perquimans,2030,14064
Beaufort,2027,43627
Halifax,2041,39684
Johnston,2050,380597
Perquimans,2044,14169
Beaufort,2033,42706
Halifax,2044,38402
Jones,2012,10240
Perquimans,2046,14171
Beaufort,2039,41781
Halifax,2046,37553
Jones,2013,10102
Perquimans,2050,14174
Beaufort,2044,41011
Halifax,2047,37123
Jones,2021,9202
Person,2011,39315
Bertie,2014,19750
Halifax,2048,36697
Jones,2022,9199
Person,2017,38846
Bertie,2017,18593
Harnett,2016,127836
Jones,2027,9195
Person,2022,39586
Bertie,2022,16933
Harnett,2050,204408
Jones,2031,9192
Person,2046,40588
Bertie,2023,16655
Haywood,2010,58895
Jones,2044,9192
Pitt,2013,170284
Bertie,2025,16293
Haywood,2011,59034
Jones,2050,9192
Pitt,2014,169407
Bertie,2042,13208
Haywood,2016,60742
Lee,2014,59487
Pitt,2015,169452
Bertie,2047,12298
Haywood,2021,62495
Lee,2015,59395
Pitt,2020,172254
Bertie,2050,11754
Haywood,2035,68014
Lee,2022,64907
Pitt,2022,172231
Bladen,2016,31470
Haywood,2050,73927
Lee,2028,69447
Pitt,2023,172005
Bladen,2017,30869
Henderson,2020,116519
Lee,2044,81275
Pitt,2032,181539
Bladen,2018,30418
Henderson,2025,119994
Lee,2045,82014
Pitt,2033,183315
Bladen,2023,29077
Henderson,2032,128481
Lee,2049,84974
Pitt,2041,199456
Bladen,2036,28749
Hertford,2024,19223
Lenoir,2010,59436
Polk,2014,19843
Bladen,2043,28944
Hertford,2036,17511
Lenoir,2013,58217
Polk,2017,19620
Bladen,2047,29085
Hertford,2043,16511
Lenoir,2022,54572
Polk,2026,19613
Brunswick,2011,109324
Hoke,2017,51769
Lenoir,2026,53466
Polk,2031,19639
Brunswick,2021,143550
Hyde,2015,5262
Lenoir,2027,53187
Polk,2036,19654
Brunswick,2027,178038
Hyde,2028,4225
Lenoir,2028,52911
Polk,2045,19663
Brunswick,2037,215626
Hyde,2030,4120
Lenoir,2030,52357
Polk,2046,19663
Buncombe,2015,256096
Hyde,2040,3617
Lenoir,2039,49862
Polk,2049,19665
Buncombe,2019,267372
Hyde,2042,3519
Lincoln,2021,89556
Randolph,2017,142789
Buncombe,2029,294700
Iredell,2012,163428
Lincoln,2025,95751
Randolph,2019,143550
Buncombe,2044,338289
Iredell,2020,187329
Lincoln,2026,96698
Randolph,2031,151868
Burke,2010,90464
Iredell,2048,311084
Lincoln,2033,105235
Randolph,2037,155914
Burke,2017,88216
Iredell,2049,315505
Lincoln,2034,106545
Randolph,2042,159288
Burke,2020,87619
Iredell,2050,319925
Lincoln,2035,107866
Randolph,2050,164684
Burke,2025,87840
Jackson,2010,40354
Macon,2019,36766
Richmond,2030,40794
Burke,2038,87641
Jackson,2013,40598
Macon,2028,39475
Robeson,2012,131216
Burke,2045,87528
Jackson,2022,42972
Macon,2030,40081
Robeson,2014,127382
Burke,2049,87465
Jackson,2030,45843
Macon,2035,41601
Robeson,2015,125709
Cabarrus,2023,240512
Jackson,2031,46202
Macon,2040,43116
Robeson,2018,119477
Cabarrus,2029,269421
Johnston,2010,169781
Macon,2050,46154
Robeson,2020,116500
Cabarrus,2035,298190
Johnston,2015,185945
Madison,2018,21282
Robeson,2036,120170
Cabarrus,2049,364644
Johnston,2020,217033
Madison,2030,22126
Robeson,2038,120349
Caldwell,2023,81075
Johnston,2032,292192
Madison,2031,22204
Robeson,2040,120492
Caldwell,2029,81247
Johnston,2039,326579
Madison,2039,22809
Robeson,2042,120608
Caldwell,2030,81250
Johnston,2040,331491
Madison,2048,23489
Rockingham,2014,91950
Caldwell,2037,81259
Jones,2014,9915
Madison,2049,23564
Rockingham,2020,91147
Caldwell,2038,81257
Jones,2023,9195
Martin,2017,22789
Rockingham,2032,92042
Camden,2017,10003
Jones,2030,9191
Martin,2020,22012
Rockingham,2033,92042
Camden,2028,12008
Jones,2033,9192
Martin,2027,20548
Rockingham,2034,92041
Camden,2036,12755
Jones,2036,9193
Martin,2032,19622
Rockingham,2035,92041
Camden,2038,12869
Jones,2041,9193
Martin,2036,18880
Rockingham,2041,92040
Camden,2046,13154
Jones,2049,9192
McDowell,2018,44714
Rowan,2019,145847
Camden,2048,13198
Lee,2030,70925
McDowell,2023,44773
Rowan,2025,152016
Camden,2049,13214
Lee,2035,74621
McDowell,2025,44772
Rowan,2036,160744
Carteret,2017,67855
Lee,2038,76840
Mecklenburg,2012,962026
Rutherford,2017,65046
Carteret,2024,69747
Lee,2043,80537
Mecklenburg,2015,1035479
Rutherford,2019,64694
Carteret,2038,75504
Lenoir,2012,58858
Mecklenburg,2025,1206758
Rutherford,2045,68048
Carteret,2040,76317
Lenoir,2020,55094
Mecklenburg,2029,1282665
Sampson,2037,58832
Caswell,2010,23727
Lenoir,2023,54299
Mecklenburg,2039,1481433
Sampson,2047,58822
Caswell,2014,23185
Lenoir,2029,52634
Mecklenburg,2046,1620218
Scotland,2010,36028
Caswell,2021,22402
Lenoir,2034,51249
Mitchell,2010,15504
Scotland,2014,35439
Caswell,2023,22245
Lenoir,2040,49587
Mitchell,2028,14657
Scotland,2027,32477
Caswell,2025,22051
Lenoir,2050,46813
Mitchell,2035,14394
Scotland,2049,29673
Caswell,2028,21763
Lincoln,2019,85670
Mitchell,2047,13964
Stanly,2011,60436
Caswell,2036,21002
Lincoln,2022,91171
Montgomery,2011,27560
Stanly,2024,63311
Caswell,2041,20527
Lincoln,2041,115419
Montgomery,2015,26447
Stanly,2025,63346
Catawba,2015,156281
Lincoln,2045,120521
Montgomery,2026,25738
Stanly,2028,63895
Catawba,2024,164898
Macon,2010,33967
Montgomery,2030,25737
Stanly,2030,64296
Catawba,2025,165952
Macon,2017,35727
Montgomery,2042,25737
Stanly,2031,64496
Catawba,2027,168060
Macon,2018,36173
Montgomery,2046,25738
Stanly,2035,65302
Catawba,2030,171221
Macon,2022,37653
Moore,2031,125960
Stanly,2046,67517
Catawba,2032,173331
Macon,2025,38564
Moore,2032,128304
Stokes,2020,44561
Catawba,2042,183870
Macon,2029,39779
Moore,2042,151617
Stokes,2028,45649
Catawba,2044,185979
Macon,2037,42207
Moore,2050,170097
Stokes,2029,45691
Chatham,2011,64383
Macon,2044,44333
Nash,2013,94120
Surry,2046,70234
Chatham,2015,69102
Macon,2048,45547
Nash,2015,93505
Surry,2048,70143
Chatham,2017,72340
Madison,2020,21215
Nash,2018,94168
Swain,2017,14493
Chatham,2028,86826
Madison,2021,21446
Nash,2036,95345
Swain,2033,14747
Chatham,2042,105072
Madison,2023,21598
Nash,2049,95338
Swain,2044,15101
Chatham,2043,106392
Madison,2024,21674
New Hanover,2012,208126
Transylvania,2021,33361
Cherokee,2016,28078
Madison,2040,22885
New Hanover,2016,219854
Transylvania,2027,34265
Cherokee,2026,30023
Madison,2046,23339
New Hanover,2034,271202
Transylvania,2028,34428
Cherokee,2028,30446
Martin,2024,21105
New Hanover,2036,277195
Transylvania,2030,34755
Cherokee,2034,31713
Martin,2039,18325
Northampton,2020,17471
Transylvania,2037,35899
Cherokee,2042,33406
Martin,2041,17952
Northampton,2024,16690
Transylvania,2041,36555
Chowan,2010,14725
Martin,2045,17212
Northampton,2031,15577
Transylvania,2044,37048
Chowan,2011,14775
Martin,2050,16286
Northampton,2032,15418
Transylvania,2048,37701
Chowan,2015,14205
McDowell,2010,45053
Northampton,2043,13667
Tyrrell,2019,3568
Chowan,2019,13744
McDowell,2017,44665
Northampton,2049,12712
Tyrrell,2020,3240
Chowan,2026,13727
McDowell,2033,44773
Onslow,2014,192373
Tyrrell,2036,2769
Chowan,2031,13736
McDowell,2037,44775
Onslow,2018,198024
Tyrrell,2048,2457
Chowan,2036,13745
McDowell,2047,44774
Onslow,2024,214478
Tyrrell,2050,2409
Chowan,2043,13758
McDowell,2049,44774
Onslow,2033,236194
Union,2011,204341
Clay,2011,10655
Mecklenburg,2038,1461631
Onslow,2036,243430
Union,2019,235245
Clay,2012,10622
Mitchell,2012,15301
Onslow,2037,245842
Union,2024,257482
Clay,2013,10696
Mitchell,2019,14891
Onslow,2044,262724
Union,2027,274517
Clay,2019,11185
Mitchell,2025,14775
Onslow,2047,269962
Union,2028,280478
Clay,2045,14174
Mitchell,2029,14621
Orange,2012,138534
Union,2029,286533
Cleveland,2011,97580
Mitchell,2032,14505
Orange,2017,143207
Union,2034,317616
Cleveland,2015,97024
Mitchell,2033,14468
Orange,2018,146824
Union,2042,368373
Cleveland,2037,106969
Mitchell,2038,14284
Orange,2020,148911
Union,2045,387491
Cleveland,2038,107050
Mitchell,2048,13929
Orange,2024,152586
Union,2048,406624
Columbus,2010,57855
Montgomery,2010,27659
Orange,2040,175508
Vance,2017,42977
Columbus,2020,50580
Montgomery,2012,27265
Orange,2046,183906
Vance,2031,41244
Columbus,2025,49375
Montgomery,2014,26633
Orange,2050,189448
Vance,2032,41227
Columbus,2026,49138
Montgomery,2024,25741
Pamlico,2012,12930
Vance,2041,41176
Columbus,2029,48441
Montgomery,2031,25737
Pamlico,2016,12661
Vance,2042,41175
Columbus,2034,47275
Montgomery,2035,25736
Pamlico,2028,12086
Wake,2013,972495
Craven,2012,104743
Montgomery,2036,25736
Pamlico,2036,11804
Wake,2015,1020921
Craven,2015,102048
Montgomery,2040,25737
Pamlico,2037,11769
Wake,2034,1470350
Craven,2018,101809
Moore,2028,118913
Pasquotank,2016,39975
Wake,2046,1781640
Craven,2025,102307
Moore,2040,146972
Pasquotank,2022,40763
Warren,2043,19049
Craven,2049,102638
Moore,2044,156252
Pasquotank,2040,41460
Warren,2045,19058
Cumberland,2013,332762
Moore,2046,160877
Pender,2010,52333
Warren,2047,19068
Cumberland,2016,331026
Nash,2019,94726
Pender,2011,52998
Washington,2013,12416
Cumberland,2020,335970
Nash,2021,95465
Pender,2026,70797
Washington,2040,8228
Cumberland,2042,350032
Nash,2032,95355
Pender,2047,92270
Watauga,2036,59153
Cumberland,2050,350047
Nash,2039,95343
Perquimans,2010,13457
Watauga,2048,63838
Currituck,2013,24177
Nash,2040,95341
Perquimans,2020,13006
Watauga,2049,63981
Currituck,2028,38727
New Hanover,2014,213563
Perquimans,2022,13445
Wayne,2015,120823
Currituck,2030,41335
New Hanover,2044,301167
Perquimans,2031,14086
Wayne,2017,118066
Currituck,2034,46548
Northampton,2015,19731
Perquimans,2033,14118
Wayne,2030,117098
Currituck,2042,56974
Northampton,2016,19229
Perquimans,2034,14131
Wayne,2033,117040
Currituck,2049,66101
Northampton,2018,18525
Perquimans,2035,14140
Wayne,2035,117015
Dare,2020,37025
Northampton,2037,14621
Perquimans,2037,14152
Wayne,2045,116967
Dare,2023,38392
Northampton,2038,14463
Perquimans,2039,14159
Wilkes,2013,68010
Dare,2029,41129
Northampton,2039,14305
Perquimans,2040,14162
Wilkes,2017,66851
Dare,2048,49789
Northampton,2040,14145
Person,2014,38657
Wilkes,2034,64713
Davidson,2023,173876
Onslow,2016,193156
Person,2015,38793
Wilkes,2047,64756
Davidson,2026,178261
Onslow,2029,226548
Person,2019,39066
Wilson,2040,77288
Davie,2017,41982
Onslow,2039,250665
Person,2020,39163
Yadkin,2018,37251
Davie,2023,44223
Onslow,2041,255491
Person,2024,39767
Yadkin,2020,37218
Davie,2030,47495
Onslow,2042,257902
Person,2036,40387
Yadkin,2024,37057
Davie,2036,50298
Onslow,2045,265138
Person,2040,40489
Yadkin,2025,37040
Davie,2037,50766
Orange,2037,171268
Person,2043,40544
Yadkin,2027,37016
Davie,2040,52169
Pamlico,2015,12611
Pitt,2026,173347
Yadkin,2029,37006
Davie,2043,53569
Pamlico,2022,12299
Pitt,2050,219339
Yadkin,2030,37002
Davie,2049,56375
Pamlico,2023,12265
Polk,2030,19637
Yadkin,2032,36997
Duplin,2010,58347
Pamlico,2029,12053
Polk,2033,19646
Yadkin,2033,36994
Duplin,2012,57182
Pamlico,2038,11733
Randolph,2014,142308
Yancey,2010,17797
Duplin,2044,48817
Pamlico,2041,11627
Randolph,2022,145796
Yancey,2015,17766
Duplin,2050,48822
Pamlico,2046,11451
Randolph,2036,155241
Yancey,2020,18486
Durham,2025,346436
Pasquotank,2017,39850
Randolph,2043,159962
Yancey,2023,18439
Durham,2026,351056
Pasquotank,2023,40887
Randolph,2046,161987
Yancey,2034,18262
Durham,2029,364915
Pasquotank,2031,41351
Richmond,2011,46419
Yancey,2041,18149
Durham,2034,388014
Pasquotank,2035,41422
Richmond,2016,43826
Yancey,2050,18006
Durham,2045,438834
Pasquotank,2042,41465
Richmond,2029,40987
State,2020,10463226
Durham,2049,457313
Pasquotank,2045,41471
Richmond,2036,39641
State,2030,11625716
Edgecombe,2016,51297
Pender,2031,75909
Richmond,2042,38489
State,2032,11864058
Edgecombe,2019,49247
Pender,2032,76933
Richmond,2050,36952
State,2047,13653811
Edgecombe,2025,45963
Pender,2034,78977
Robeson,2017,121375
State,2049,13892949
Edgecombe,2030,43055
Pender,2038,83067
Robeson,2021,116485
Edgecombe,2040,37241
Pender,2041,86135
Robeson,2022,116951
Edgecombe,2049,32010
Perquimans,2012,13552
Robeson,2035,120065
Forsyth,2021,384063
Perquimans,2017,13057
Rockingham,2010,93648
Forsyth,2022,386047
Perquimans,2021,13251
Rockingham,2012,92575
Forsyth,2026,396647
Perquimans,2023,13598
Rockingham,2019,90847
Forsyth,2030,409296
Perquimans,2024,13720
Rockingham,2021,91706
Forsyth,2045,460305
Perquimans,2032,14105
Rockingham,2027,92039
Forsyth,2047,467179
Perquimans,2045,14171
Rockingham,2029,92041
Forsyth,2050,477496
Person,2028,40046
Rockingham,2039,92039
Franklin,2037,108275
Person,2033,40285
Rockingham,2048,92040
Franklin,2042,119909
Person,2037,40414
Rowan,2011,138185
Franklin,2048,133872
Person,2038,40442
Rowan,2013,139143
Gaston,2012,209000
Person,2041,40507
Rowan,2023,150169
Gaston,2014,211554
Person,2044,40562
Rowan,2030,155790
Gaston,2028,249729
Person,2048,40611
Rowan,2032,157602
Gaston,2044,280797
Pitt,2018,168799
Rowan,2044,167451
Gates,2027,10093
Pitt,2019,170186
Rutherford,2022,64184
Gates,2029,10060
Pitt,2040,197318
Rutherford,2037,66732
Gates,2030,10047
Pitt,2045,208186
Rutherford,2038,66897
Gates,2041,10002
Pitt,2046,210401
Rutherford,2040,67230
Graham,2020,8024
Polk,2018,19551
Rutherford,2041,67393
Graham,2026,8090
Polk,2023,19585
Sampson,2016,60565
Graham,2036,8115
Polk,2025,19605
Sampson,2019,59388
Graham,2043,8118
Polk,2028,19626
Sampson,2022,58987
Granville,2019,60879
Polk,2032,19642
Sampson,2035,58836
Granville,2023,62776
Polk,2037,19654
Sampson,2043,58823
Granville,2029,67145
Randolph,2020,144346
Scotland,2012,35998
Granville,2043,77334
Randolph,2024,147146
Scotland,2023,33005
Granville,2049,81704
Randolph,2027,149168
Scotland,2031,31966
Greene,2011,21447
Randolph,2029,150518
Scotland,2044,30309
Greene,2022,20119
Randolph,2030,151192
Stanly,2021,62659
Greene,2038,20119
Randolph,2032,152543
Stanly,2023,63008
Greene,2041,20119
Randolph,2034,153891
Stanly,2029,64096
Guilford,2030,576697
Randolph,2038,156592
Stanly,2037,65705
Guilford,2032,586684
Randolph,2039,157264
Stokes,2016,45128
Halifax,2010,54411
Randolph,2047,162662
Stokes,2019,44571
Halifax,2027,45655
Richmond,2012,45759
Stokes,2033,45791
Halifax,2031,43949
Richmond,2015,44392
Surry,2036,70689
Harnett,2013,122651
Richmond,2045,37914
Surry,2045,70279
Harnett,2018,131159
Richmond,2046,37721
Swain,2013,14434
Harnett,2027,152479
Richmond,2048,37338
Transylvania,2010,33033
Harnett,2030,158799
Robeson,2034,119948
Transylvania,2011,32798
Harnett,2041,183947
Robeson,2047,120809
Transylvania,2012,32604
Haywood,2019,61940
Rockingham,2013,91852
Transylvania,2018,33186
Haywood,2037,68803
Rockingham,2026,92037
Transylvania,2045,37211
Haywood,2046,72352
Rockingham,2042,92040
Transylvania,2049,37865
Henderson,2010,106848
Rockingham,2046,92041
Tyrrell,2011,4307
Henderson,2022,117274
Rowan,2022,148765
Tyrrell,2012,4056
Henderson,2029,124696
Rowan,2038,162487
Tyrrell,2014,3987
Henderson,2034,131050
Rutherford,2012,66995
Tyrrell,2018,3944
Henderson,2035,132338
Rutherford,2018,64650
Tyrrell,2021,3226
Hertford,2017,22561
Rutherford,2029,65381
Tyrrell,2025,3097
Hertford,2028,18651
Rutherford,2033,66061
Tyrrell,2027,3034
Hertford,2029,18509
Rutherford,2034,66230
Tyrrell,2032,2884
Hertford,2035,17653
Sampson,2017,60201
Tyrrell,2033,2856
Hertford,2045,16226
Sampson,2021,59019
Tyrrell,2038,2715
Hoke,2011,48934
Sampson,2025,58919
Tyrrell,2040,2661
Hoke,2012,49578
Sampson,2027,58891
Union,2014,215224
Hoke,2013,49944
Sampson,2029,58871
Union,2018,232196
Hoke,2023,56404
Sampson,2040,58826
Union,2031,298840
Hoke,2026,59741
Sampson,2045,58821
Union,2041,362005
Hoke,2036,69712
Sampson,2050,58821
Union,2044,381116
Hyde,2019,4636
Scotland,2020,34156
Union,2047,400245
Hyde,2022,4549
Scotland,2021,33292
Union,2050,419382
Hyde,2027,4278
Scotland,2022,33079
Vance,2010,45212
Hyde,2036,3812
Scotland,2032,31838
Vance,2022,42014
Hyde,2047,3292
Scotland,2039,30947
Vance,2034,41205
Iredell,2016,174882
Scotland,2041,30692
Vance,2037,41186
Iredell,2024,205010
Scotland,2042,30563
Vance,2048,41172
Iredell,2025,209430
Scotland,2043,30438
Wake,2012,950308
Iredell,2027,218268
Stanly,2010,60533
Wake,2025,1237890
Jackson,2014,40813
Stanly,2016,60635
Wake,2030,1366607
Jackson,2019,43060
Stanly,2018,61809
Wake,2041,1651937
Jackson,2043,50509
Stanly,2020,62607
Warren,2010,20940
Johnston,2022,233435
Stanly,2022,62883
Warren,2011,20901
Johnston,2023,242959
Stanly,2039,66107
Warren,2018,19054
Johnston,2031,287268
Stanly,2044,67113
Warren,2026,18936
Johnston,2033,297110
Stokes,2010,47267
Warren,2035,19007
Johnston,2034,302025
Stokes,2032,45778
Warren,2040,19033
Johnston,2038,321671
Stokes,2034,45808
Washington,2010,13087
Johnston,2042,341313
Stokes,2036,45828
Washington,2012,12508
Jones,2010,10119
Stokes,2043,45854
Washington,2016,11661
Jones,2011,10243
Stokes,2044,45857
Washington,2021,10789
Jones,2034,9192
Surry,2019,71278
Washington,2038,8408
Jones,2047,9192
Surry,2021,71401
Watauga,2011,51468
Lee,2025,67229
Surry,2023,71283
Watauga,2028,56027
Lee,2029,70186
Surry,2031,70917
Watauga,2038,59937
Lee,2046,82755
Surry,2032,70871
Wayne,2034,117026
Lee,2050,85713
Surry,2035,70736
Wayne,2037,117000
Lenoir,2011,59356
Surry,2038,70600
Wayne,2038,116993
Lenoir,2014,57706
Surry,2040,70507
Wayne,2041,116977
Lincoln,2013,78735
Swain,2010,13998
Wayne,2044,116971
Lincoln,2030,101227
Swain,2016,14527
Wilkes,2012,68520
Lincoln,2037,110404
Swain,2021,14284
Wilkes,2015,67340
Lincoln,2048,124339
Swain,2045,15133
Wilkes,2021,65809
Lincoln,2050,126878
Swain,2047,15196
Wilson,2010,81190
Macon,2011,33915
Transylvania,2032,35083
Yadkin,2012,38079
Macon,2013,34201
Transylvania,2034,35410
Yadkin,2016,37256
Macon,2015,34895
Transylvania,2046,37374
Yadkin,2031,37000
Macon,2027,39171
Tyrrell,2023,3161
Yadkin,2035,36993
Macon,2032,40688
Tyrrell,2029,2972
Yancey,2014,17756
Macon,2033,40992
Tyrrell,2035,2799
Yancey,2031,18310
Madison,2011,20828
Tyrrell,2041,2636
Yancey,2038,18197
Madison,2013,21064
Tyrrell,2046,2507
State,2024,10918935
Madison,2026,21824
Union,2013,210880
State,2028,11387716
Madison,2047,23411
Union,2017,227863
State,2042,13056723
Martin,2015,23199
Union,2043,374744
State,2046,13534573
Martin,2018,22673
Vance,2018,43164
Martin,2023,21291
Vance,2028,41336
Martin,2029,20178
Vance,2030,41266
McDowell,2019,44682
Vance,2033,41214
McDowell,2027,44775
Vance,2036,41191
McDowell,2032,44774
Vance,2038,41181
McDowell,2034,44773
Vance,2049,41172
McDowell,2048,44774
Wake,2010,907514
Mecklenburg,2010,923344
Wake,2018,1093558
Mecklenburg,2023,1159791
Wake,2021,1150722
Mecklenburg,2035,1402073
Wake,2032,1418472
Mecklenburg,2045,1600393
Wake,2035,1496292
Mitchell,2021,14933
Wake,2045,1755702
Mitchell,2040,14211
Wake,2048,1833523
Mitchell,2044,14068
Warren,2016,19499
Mitchell,2046,13998
Warren,2025,18925
Montgomery,2043,25737
Warren,2046,19063
Montgomery,2050,25734
Washington,2031,9199
Moore,2010,88517
Washington,2042,8067
Moore,2011,88996
Watauga,2014,51805
Moore,2012,89941
Watauga,2026,54801
Moore,2018,96791
Watauga,2034,58425
Moore,2023,107122
Wayne,2020,117340
Moore,2029,121264
Wayne,2022,117544
Moore,2030,123613
Wayne,2024,117367
Moore,2034,132986
Wilkes,2011,68780
Moore,2047,163186
Wilkes,2016,67312
Moore,2048,165490
Wilkes,2025,65408
Nash,2014,93794
Wilkes,2046,64688
Nash,2022,95446
Wilkes,2048,64836
Nash,2026,95388
Wilson,2013,79720
New Hanover,2011,205525
Wilson,2019,78991
New Hanover,2021,229943
Yadkin,2038,36993
New Hanover,2033,268207
Yadkin,2044,36992
New Hanover,2038,283188
Yancey,2030,18328
New Hanover,2040,289182
Yancey,2032,18296
New Hanover,2042,295175
Yancey,2033,18279
Northampton,2019,18031
Yancey,2036,18230
Onslow,2019,203718
Yancey,2039,18181
Onslow,2022,209491
Yancey,2045,18085
Onslow,2023,212036
State,2011,9644670
Onslow,2025,216897
State,2017,10181491
Onslow,2032,233783
State,2031,11744835
Onslow,2034,238607
State,2040,12817720
Orange,2011,135414
State,2041,12936967
Orange,2036,169850
State,2048,13773599
Pamlico,2018,12487
State,2050,14012819
Pamlico,2021,12334
Pamlico,2032,11946
Pamlico,2049,11345
Pasquotank,2010,40635
Pasquotank,2018,40153
Pasquotank,2025,41075
Pasquotank,2039,41452
Pasquotank,2041,41462
Pasquotank,2043,41469
Pender,2013,54172
Pender,2016,57082
Pender,2030,74886
Pender,2037,82047
Pender,2039,84090
Pender,2045,90226
Pender,2046,91247
Pender,2049,94315
Pender,2050,95336
Perquimans,2038,14157
Perquimans,2042,14168
Person,2010,39374
Person,2018,38981
Person,2023,39681
Person,2031,40200
Pitt,2027,174311
Pitt,2031,179848
Pitt,2034,185167
Pitt,2044,205983
Polk,2012,19829
Polk,2020,19366
Polk,2024,19595
Polk,2043,19660
Polk,2047,19666
Polk,2048,19663
Randolph,2026,148495
Randolph,2049,164010
Richmond,2021,42522
Richmond,2022,42330
Richmond,2026,41561
Richmond,2028,41177
Richmond,2041,38683
Richmond,2043,38298
Richmond,2049,37146
Robeson,2013,129399
Robeson,2041,120554
Robeson,2048,120839
Rockingham,2016,91176
Rockingham,2018,90696
Rockingham,2024,92021
Rowan,2012,138436
Rowan,2017,143811
Rowan,2020,147043
Rowan,2028,153932
Rowan,2031,156742
Rowan,2035,159919
Rowan,2037,161612
Rutherford,2014,65712
Rutherford,2044,67885
Rutherford,2047,68374
Sampson,2015,61328
Sampson,2018,59862
Sampson,2026,58902
Sampson,2028,58879
Sampson,2036,58836
Sampson,2044,58822
Sampson,2048,58820
Scotland,2011,36270
Scotland,2028,32345
Scotland,2030,32093
Scotland,2038,31073
Stanly,2019,62351
Stanly,2027,63696
Stanly,2034,65100
Stanly,2042,66712
Stokes,2014,45734
Stokes,2018,44501
Stokes,2023,45205
Stokes,2026,45530
Stokes,2040,45848
Surry,2011,73305
Surry,2022,71329
Surry,2027,71099
Surry,2043,70371
Swain,2011,14150
Swain,2012,14356
Swain,2018,14202
Swain,2023,14370
Swain,2027,14544
Swain,2034,14781
Swain,2040,14974
Swain,2048,15229
Swain,2049,15260
Transylvania,2015,32655
Transylvania,2020,33020
Transylvania,2022,33498
Transylvania,2026,34100
Transylvania,2029,34591
Transylvania,2038,36067
Tyrrell,2013,4019
Tyrrell,2015,4021
Tyrrell,2024,3130
Tyrrell,2034,2828
Tyrrell,2042,2610
Union,2015,219119
Union,2021,242948
Union,2022,247301
Union,2033,311327
Union,2039,349281
Union,2040,355641
Vance,2015,43428
Vance,2016,43138
Vance,2019,42862
Vance,2021,42270
Vance,2035,41196
Vance,2045,41172
Wake,2014,995520
Wake,2019,1114815
Wake,2040,1625997
Wake,2043,1703820
Wake,2049,1859466
Wake,2050,1885406
Warren,2015,19927
Warren,2017,19331
Warren,2019,18739
Warren,2031,18983
Warren,2037,19018
Warren,2048,19072
Warren,2049,19077
Washington,2018,11219
Washington,2022,10607
Washington,2029,9472
Washington,2043,7993
Washington,2046,7799
Washington,2049,7640
Watauga,2015,52331
Watauga,2017,54217
Watauga,2022,54068
Watauga,2023,53561
Watauga,2031,57163
Watauga,2033,57842
Watauga,2039,60093
Watauga,2040,60737
Watauga,2046,63067
Wayne,2010,122672
Wayne,2018,117851
Wayne,2032,117055
Wayne,2040,116983
Wayne,2043,116973
Wayne,2047,116966
Wilkes,2010,69157
Wilkes,2027,65225
Wilkes,2029,65055
Wilkes,2031,64902
Wilkes,2041,64528
Wilkes,2043,64557
Wilkes,2049,64932
Wilson,2014,79249
Wilson,2023,77313
Wilson,2028,75873
Wilson,2031,75776
Wilson,2036,76378
Wilson,2038,76800
Wilson,2041,77555
Wilson,2045,78730
Wilson,2048,79694
Yadkin,2011,38252
Yadkin,2019,37247
Yadkin,2034,36994
Yadkin,2036,36992
Yadkin,2043,36992
Yadkin,2045,36990
Yadkin,2050,36991
Yancey,2018,18175
Yancey,2024,18423
Yancey,2025,18406
Yancey,2029,18344
Yancey,2037,18214
Yancey,2042,18133
State,2014,9881906
State,2016,10080436
State,2019,10381670
State,2021,10556299
State,2029,11506326
State,2033,11982953
State,2043,13175979
Alamance,2012,152802
Alamance,2017,163765
Alamance,2021,174212
Alamance,2023,178943
Alamance,2030,192672
Alamance,2037,205969
Alamance,2046,223066
Alamance,2050,230664
Alexander,2021,36325
Alexander,2036,36733
Alexander,2049,36754
Alleghany,2011,11003
Alleghany,2019,10919
Alleghany,2033,11259
Alleghany,2047,11419
Anson,2011,26404
Anson,2013,25409
Anson,2018,23075
Anson,2019,21999
Anson,2026,21287
Ashe,2010,27193
Ashe,2013,26757
Ashe,2026,26692
Ashe,2036,26754
Avery,2012,17758
Avery,2020,17907
Avery,2032,17950
Beaufort,2011,47588
Beaufort,2031,43011
Beaufort,2038,41936
Beaufort,2040,41627
Beaufort,2041,41474
Beaufort,2048,40396
Bertie,2016,18776
Bertie,2029,15567
Bertie,2036,14297
Bertie,2043,13026
Bertie,2044,12845
Bladen,2011,34459
Bladen,2014,32851
Bladen,2025,28897
Bladen,2026,28834
Bladen,2038,28794
Bladen,2040,28850
Bladen,2045,29013
Brunswick,2010,107860
Brunswick,2012,110717
Brunswick,2016,121479
Brunswick,2020,137789
Brunswick,2026,173455
Brunswick,2040,225987
Brunswick,2046,246500
Brunswick,2050,260121
Buncombe,2043,335384
Buncombe,2048,349913
Buncombe,2049,352820
Buncombe,2050,355726
Burke,2013,87950
Burke,2014,87547
Burke,2028,87840
Burke,2030,87754
Burke,2041,87592
Burke,2043,87562
Burke,2044,87544
Burke,2048,87481
Cabarrus,2012,185014
Cabarrus,2015,199455
Cabarrus,2030,274023
Cabarrus,2031,278745
Cabarrus,2040,321726
Cabarrus,2042,331390
Caldwell,2012,82039
Caldwell,2016,81158
Caldwell,2017,80902
Caldwell,2022,80975
Caldwell,2035,81258
Caldwell,2041,81260
Camden,2037,12815
Camden,2041,13002
Carteret,2010,66615
Carteret,2013,68201
Carteret,2015,68019
Carteret,2022,68813
Carteret,2030,72250
Carteret,2032,73066
Carteret,2044,77943
Caswell,2011,23645
Caswell,2013,23459
Caswell,2018,23105
Caswell,2046,20060
Catawba,2011,155070
Catawba,2014,156043
Catawba,2033,174385
Catawba,2034,175439
Catawba,2035,176492
Catawba,2038,179653
Catawba,2041,182816
Chatham,2019,75325
Chatham,2025,82774
Chatham,2027,85618
Chatham,2031,90453
Chatham,2034,94631
Chatham,2035,95958
Chatham,2037,98480
Cherokee,2015,27344
Cherokee,2038,32559
Cherokee,2049,34888
Cherokee,2050,35098
Chowan,2021,13707
Chowan,2025,13726
Chowan,2028,13732
Chowan,2035,13744
Chowan,2041,13755
Chowan,2045,13762
Chowan,2047,13766
Clay,2010,10597
Clay,2016,10935
Clay,2026,11910
Clay,2029,12271
Clay,2031,12509
Clay,2038,13342
Clay,2042,13818
Cleveland,2016,97203
Cleveland,2023,102680
Cleveland,2030,105879
Cleveland,2041,107230
Cleveland,2046,107391
Cleveland,2047,107413
Cleveland,2048,107430
Columbus,2011,57484
Columbus,2038,46344
Columbus,2043,45180
Craven,2013,103573
Craven,2017,101863
Craven,2020,102266
Craven,2027,102416
Cumberland,2030,349450
Cumberland,2035,349915
Cumberland,2039,350006
Cumberland,2044,350039
Currituck,2019,27324
Currituck,2023,32208
Currituck,2024,33512
Currituck,2025,34817
Currituck,2026,36119
Currituck,2029,40031
Currituck,2047,63493
Dare,2010,33954
Dare,2035,43861
Dare,2040,46142
Dare,2041,46598
Davidson,2010,162803
Davidson,2019,168099
Davidson,2036,192873
Davidson,2046,207486
Davie,2020,42802
Davie,2029,47027
Davie,2046,54972
Duplin,2018,50397
Duplin,2031,48793
Duplin,2033,48799
Duplin,2036,48806
Duplin,2043,48817
Durham,2017,310669
Durham,2037,401875
Edgecombe,2021,48311
Edgecombe,2029,43637
Edgecombe,2035,40148
Edgecombe,2038,38406
Edgecombe,2047,33173
Edgecombe,2050,31430
Forsyth,2027,399693
Forsyth,2034,422665
Forsyth,2037,432869
Forsyth,2046,463741
Franklin,2010,60765
Franklin,2011,60604
Franklin,2012,61070
Franklin,2018,65603
Franklin,2019,67400
Franklin,2032,96640
Franklin,2036,105948
Franklin,2040,115253
Franklin,2045,126891
Gaston,2010,206194
Gaston,2046,284652
Gates,2013,11436
Gates,2019,10686
Gates,2021,10393
Gates,2022,10312
Gates,2023,10247
Gates,2033,10021
Gates,2036,10009
Gates,2044,10000
Gates,2050,9999
Graham,2013,8615
Graham,2015,8355
Graham,2025,8083
Graham,2031,8110
Graham,2037,8115
Graham,2039,8117
Granville,2030,67873
Granville,2036,72242
Granville,2041,75881
Granville,2047,80247
Greene,2018,20718
Greene,2020,20461
Greene,2032,20121
Greene,2039,20120
Greene,2046,20120
Guilford,2011,495401
Guilford,2027,562482
Guilford,2028,567076
Guilford,2041,633228
Halifax,2026,46082
Halifax,2045,37977
Halifax,2050,35845
Harnett,2011,118368
Harnett,2012,120818
Harnett,2017,129253
Harnett,2024,145565
Harnett,2026,150259
Harnett,2032,163393
Haywood,2024,63677
Haywood,2028,65254
Haywood,2045,71957
Haywood,2047,72746
Haywood,2049,73534
Henderson,2015,110946
Henderson,2021,116710
Henderson,2040,138815
Henderson,2047,147901
Hertford,2013,23971
Hertford,2016,22936
Hertford,2022,19507
Hertford,2027,18794
Hertford,2042,16654
Hertford,2049,15656
Hoke,2020,52206
Hoke,2021,53773
Hoke,2025,58678
Hoke,2027,60782
Hoke,2040,73633
Hoke,2041,74613
Hoke,2044,77550
Hoke,2046,79505
Hoke,2047,80484
Hoke,2048,81466
Hyde,2031,4067
Hyde,2032,4014
Iredell,2015,171279
Iredell,2017,178208
Iredell,2021,191752
Iredell,2028,222687
Iredell,2039,271306
Iredell,2040,275727
Iredell,2045,297825
Jackson,2012,40562
Jackson,2020,43163
Jackson,2021,42613
Jackson,2028,45125
Jackson,2036,47997
Jackson,2046,51585
Johnston,2012,175091
Johnston,2035,306937
Johnston,2037,316759
Johnston,2046,360953
Johnston,2047,365864
Jones,2020,9178
Jones,2038,9192
Jones,2045,9192
Lee,2010,57913
Lee,2016,59988
Lee,2018,61868
Lee,2019,62488
Lee,2020,63396
Lenoir,2033,51525
Lenoir,2036,50693
Lenoir,2043,48755
Lenoir,2045,48199
Lenoir,2046,47923
Lincoln,2017,81918
Lincoln,2020,87108
Lincoln,2023,93144
Lincoln,2024,94376
Lincoln,2046,121794
Macon,2021,37347
Macon,2046,44941
Madison,2014,21136
Madison,2016,21295
Madison,2028,21977
Madison,2038,22733
Madison,2041,22960
Martin,2012,23727
Martin,2021,21661
Martin,2026,20734
Martin,2030,19995
Martin,2034,19251
Martin,2038,18510
McDowell,2029,44774
McDowell,2035,44775
McDowell,2040,44774
McDowell,2041,44774
McDowell,2042,44775
McDowell,2046,44774
McDowell,2050,44774
Mecklenburg,2011,941357
Mecklenburg,2013,991570
Mecklenburg,2021,1121482
Mecklenburg,2026,1225198
Mecklenburg,2031,1323160
Mecklenburg,2036,1421970
Mecklenburg,2040,1501251
Mecklenburg,2048,1659873
Mecklenburg,2049,1679701
Mitchell,2024,14816
Mitchell,2026,14735
Mitchell,2031,14544
Mitchell,2036,14355
Montgomery,2034,25736
Montgomery,2037,25736
Montgomery,2044,25735
Moore,2033,130645
Moore,2039,144648
Nash,2010,95782
Nash,2028,95374
Nash,2033,95353
Nash,2041,95341
Nash,2045,95340
New Hanover,2023,238240
New Hanover,2027,250226
New Hanover,2037,280192
New Hanover,2045,304164
Northampton,2011,21602
Northampton,2013,20404
Northampton,2014,20060
Northampton,2022,17036
Northampton,2023,16854
Northampton,2025,16533
Northampton,2036,14782
Onslow,2015,193610
Orange,2015,141265
Orange,2021,148197
Orange,2022,149665
Orange,2026,155493
Orange,2031,162709
Orange,2032,164142
Orange,2045,182514
Orange,2048,186684
Pamlico,2010,13082
Pamlico,2014,12707
Pamlico,2042,11593
Pasquotank,2015,39637
Pasquotank,2019,40446
Pasquotank,2020,40788
Pasquotank,2026,41146
Pasquotank,2028,41251
Pasquotank,2033,41392
Pasquotank,2038,41449
Pasquotank,2048,41477
Pender,2012,53401
Pender,2017,58187
Pender,2021,62978
Pender,2025,69774
Pender,2027,71821
Pender,2028,72842
Pender,2033,77954
Pender,2035,80002
Pender,2042,87156
Perquimans,2013,13539
Perquimans,2015,13255
Perquimans,2029,14031
Perquimans,2041,14164
Perquimans,2047,14171
Person,2026,39918
Pitt,2024,172151
Pitt,2025,172615
Pitt,2036,189051
Pitt,2039,195201
Polk,2011,20112
Polk,2029,19632
Polk,2038,19655
Polk,2039,19659
Polk,2044,19664
Polk,2050,19666
Randolph,2011,141842
Randolph,2040,157940
Richmond,2018,43680
Richmond,2020,42915
Richmond,2023,42137
Richmond,2024,41946
Richmond,2025,41754
Richmond,2033,40219
Richmond,2035,39833
Richmond,2037,39451
Richmond,2047,37528
Robeson,2011,132969
Robeson,2024,117750
Robeson,2033,119818
Rockingham,2015,91438
Rockingham,2038,92039
Rockingham,2049,92041
Rowan,2015,141388
Rowan,2016,142669
Rowan,2033,158389
Rowan,2039,163344
Rutherford,2027,65042
Rutherford,2028,65213
Rutherford,2031,65722
Rutherford,2042,67560
Rutherford,2046,68213
Rutherford,2049,68696
Sampson,2012,62932
Sampson,2023,58961
Sampson,2031,58854
Scotland,2024,32845
Scotland,2036,31329
Scotland,2045,30183
Stanly,2013,60061
Stanly,2033,64897
Stanly,2038,65906
Stanly,2041,66510
Stanly,2045,67316
Stokes,2017,44917
Stokes,2022,45039
Stokes,2024,45337
Stokes,2025,45444
Stokes,2027,45596
Stokes,2031,45754
Stokes,2038,45839
Stokes,2039,45843
Surry,2010,73716
Surry,2015,71337
Surry,2028,71055
Surry,2037,70646
Surry,2039,70551
Surry,2044,70326
Surry,2050,70051
Swain,2019,14209
Swain,2031,14682
Swain,2038,14910
Swain,2041,15007
Transylvania,2023,33609
Transylvania,2025,33936
Transylvania,2035,35574
Transylvania,2036,35736
Transylvania,2039,36230
Transylvania,2043,36883
Tyrrell,2017,4020
Tyrrell,2022,3193
Tyrrell,2026,3066
Tyrrell,2028,3004
Tyrrell,2043,2584
Union,2035,323920
Union,2036,330243
Vance,2026,41456
Vance,2044,41176
Wake,2017,1071499
Wake,2020,1132620
Wake,2023,1189705
Wake,2027,1288980
Wake,2031,1392538
Warren,2014,20096
Warren,2020,18634
Warren,2024,18911
Warren,2029,18966
Warren,2032,18988
Washington,2017,11472
Washington,2028,9617
Washington,2035,8716
Washington,2041,8146
Watauga,2016,53360
Watauga,2018,54768
Watauga,2021,54361
Watauga,2029,56318
Watauga,2042,61524
Watauga,2044,62297
Watauga,2050,64614
Wayne,2012,123404
Wayne,2019,117947
Wayne,2026,117244
Wayne,2027,117196
Wayne,2046,116970
Wilkes,2030,64975
Wilkes,2036,64620
Wilkes,2045,64634
Wilson,2011,80884
Wilson,2018,78585
Wilson,2021,78559
Wilson,2024,76858
Wilson,2026,76216
Wilson,2030,75760
Wilson,2033,75925
Yadkin,2015,37259
Yadkin,2026,37025
Yadkin,2049,36991
Yancey,2013,17801
Yancey,2019,18390
Yancey,2021,18470
Yancey,2022,18455
Yancey,2028,18359
Yancey,2035,18246
Yancey,2040,18165
Yancey,2047,18054
State,2010,9571007
State,2012,9723576
State,2013,9804787
State,2034,12102316
Alamance,2024,181274
Alamance,2025,183172
Alamance,2026,185073
Alexander,2012,36939
Alexander,2015,36590
Alexander,2016,36739
Alexander,2028,36721
Alexander,2030,36722
Alexander,2041,36741
Alleghany,2014,10924
Alleghany,2037,11305
Alleghany,2040,11339
Alleghany,2045,11397
Alleghany,2049,11441
Anson,2027,21254
Anson,2028,21226
Ashe,2022,26653
Ashe,2030,26719
Ashe,2032,26730
Ashe,2038,26769
Avery,2034,17952
Beaufort,2010,47750
Beaufort,2019,44878
Beaufort,2030,43165
Beaufort,2037,42090
Beaufort,2046,40704
Beaufort,2047,40551
Bertie,2012,20218
Bertie,2013,19932
Bertie,2034,14659
Bertie,2035,14479
Bladen,2024,28976
Bladen,2031,28702
Bladen,2042,28910
Bladen,2049,29158
Brunswick,2047,249906
Buncombe,2011,242275
Buncombe,2021,271454
Buncombe,2022,274361
Buncombe,2032,303419
Buncombe,2035,312136
Burke,2022,87412
Burke,2023,87923
Burke,2031,87754
Burke,2033,87722
Cabarrus,2013,188675
Caldwell,2014,81276
Caldwell,2028,81237
Caldwell,2031,81254
Caldwell,2036,81258
Caldwell,2039,81259
Camden,2015,9984
Camden,2025,11540
Camden,2031,12358
Camden,2035,12692
Camden,2043,13072
Camden,2047,13175
Camden,2050,13232
Carteret,2012,67757
Carteret,2014,68113
Carteret,2026,70601
Carteret,2043,77536
Carteret,2045,78349
Caswell,2015,23120
Caswell,2022,22339
Caswell,2026,21955
Caswell,2040,20624
Caswell,2045,20152
Catawba,2022,162790
Catawba,2026,167005
Catawba,2036,177547
Catawba,2037,178600
Catawba,2040,181761
Catawba,2047,189141
Catawba,2049,191248
Chatham,2018,73986
Chatham,2022,78450
Chatham,2036,97233
Chatham,2039,101044
Chatham,2041,103729
Chatham,2048,112894
Cherokee,2010,27415
Cherokee,2018,28750
Cherokee,2025,29810
Cherokee,2030,30867
Cherokee,2035,31925
Cherokee,2039,32772
Chowan,2027,13729
Chowan,2030,13735
Chowan,2032,13737
Chowan,2033,13740
Chowan,2037,13748
Clay,2014,10652
Clay,2021,11258
Clay,2022,11415
Clay,2034,12866
Clay,2039,13462
Cleveland,2026,104472
Cleveland,2027,104910
Cleveland,2035,106767
Cleveland,2045,107370
Cleveland,2049,107445
Columbus,2013,56084
Columbus,2021,50369
Columbus,2046,44481
Craven,2022,102032
Craven,2023,102142
Craven,2031,102538
Craven,2039,102621
Craven,2044,102634
Craven,2047,102636
Cumberland,2012,330378
Cumberland,2019,334641
Cumberland,2038,349993
Currituck,2011,23897
Currituck,2012,23963
Currituck,2014,24663
Currituck,2027,37422
Currituck,2031,42637
Currituck,2033,45245
Currituck,2037,50458
Currituck,2041,55672
Dare,2016,35557
Dare,2026,39760
Dare,2032,42494
Dare,2034,43406
Dare,2042,47053
Dare,2045,48422
Davidson,2030,184106
Davidson,2049,211871
Davie,2024,44691
Davie,2044,54037
Davie,2048,55908
Duplin,2017,51352
Duplin,2028,48781
Duplin,2037,48808
Duplin,2045,48816
Duplin,2048,48820
Duplin,2049,48820
Durham,2013,287998
Durham,2021,327957
Durham,2024,341815
Durham,2030,369536
Durham,2033,383395
Durham,2039,411114
Durham,2047,448073
Edgecombe,2010,56498
Edgecombe,2012,55191
Edgecombe,2013,54391
Edgecombe,2027,44799
Edgecombe,2031,42474
Edgecombe,2036,39566
Forsyth,2025,393717
Forsyth,2036,429458
Forsyth,2040,443136
Forsyth,2049,474054
Franklin,2020,68902
Franklin,2023,75698
Franklin,2031,94313
Gaston,2015,213902
Gaston,2039,271162
Gates,2010,12126
Gates,2012,11798
Gates,2014,11350
Gates,2017,10992
Gates,2035,10012
Gates,2046,10002
Graham,2023,8067
Graham,2027,8095
Graham,2028,8100
Graham,2033,8112
Graham,2047,8120
Granville,2012,57641
Granville,2022,62050
Greene,2012,21106
Greene,2019,20502
Greene,2031,20120
Greene,2035,20119
Greene,2044,20119
Guilford,2023,546934
Guilford,2035,602030
Halifax,2012,53476
Halifax,2022,47787
Halifax,2042,39257
Harnett,2021,136820
Harnett,2037,174884
Harnett,2048,199863
Haywood,2013,59153
Haywood,2026,64466
Haywood,2027,64860
Haywood,2030,66044
Haywood,2031,66438
Haywood,2033,67226
Haywood,2041,70380
Henderson,2014,109797
Henderson,2026,121102
Henderson,2033,129763
Henderson,2036,133631
Henderson,2039,137517
Henderson,2045,145302
Hertford,2012,24116
Hertford,2021,19803
Hertford,2034,17796
Hertford,2039,17082
Hoke,2016,50853
Hoke,2018,52065
Hoke,2039,72652
Hoke,2043,76570
Hoke,2045,78528
Hoke,2050,83423
Hyde,2012,5581
Hyde,2014,5419
Hyde,2026,4333
Hyde,2029,4171
Hyde,2033,3965
Hyde,2038,3713
Hyde,2039,3665
Hyde,2045,3379
Iredell,2019,183851
Iredell,2026,213850
Iredell,2036,258046
Jackson,2024,43689
Jackson,2027,44765
Jackson,2034,47278
Jackson,2045,51226
Jackson,2048,52302
Johnston,2011,172565
Johnston,2014,181544
Johnston,2025,256452
Johnston,2028,272368
Johnston,2036,311848
Johnston,2041,336400
Johnston,2044,351135
Johnston,2049,375684
Jones,2028,9194
Jones,2029,9192
Jones,2032,9191
Lee,2013,59448
Lee,2023,65751
Lee,2031,71666
Lee,2033,73144
Lee,2039,77581
Lee,2040,78319
Lee,2048,84234
Lenoir,2019,55247
Lenoir,2025,53741
Lenoir,2035,50970
Lenoir,2038,50138
Lenoir,2041,49308
Lenoir,2047,47645
Lincoln,2011,78181
Lincoln,2012,78449
Lincoln,2014,79230
Lincoln,2015,80110
Lincoln,2018,83637
Lincoln,2027,97840
Lincoln,2032,103868
Lincoln,2049,125611
Macon,2020,37070
Macon,2031,40387
Macon,2034,41296
Macon,2036,41904
Macon,2042,43724
Madison,2036,22582
Martin,2010,24482
Martin,2011,24111
Martin,2033,19437
Martin,2042,17767
Martin,2049,16470
McDowell,2011,44936
McDowell,2026,44775
McDowell,2045,44774
Mecklenburg,2014,1011745
Mecklenburg,2019,1107514
Mecklenburg,2020,1117834
Mecklenburg,2022,1135873
Mecklenburg,2030,1303123
Mecklenburg,2042,1540917
Mecklenburg,2043,1560747
Mecklenburg,2044,1580570
Mecklenburg,2047,1640046
Mitchell,2013,15250
Mitchell,2015,15054
Mitchell,2016,14991
Mitchell,2034,14431
Mitchell,2037,14319
Mitchell,2041,14175
Mitchell,2043,14103
Mitchell,2050,13860
Montgomery,2016,26152
Montgomery,2023,25745
Montgomery,2033,25735
Moore,2013,90773
Moore,2015,92545
Moore,2020,100024
Moore,2035,135321
Moore,2038,142320
Moore,2045,158565
Nash,2017,93959
Nash,2020,95546
Nash,2023,95428
Nash,2042,95339
New Hanover,2013,211000
New Hanover,2025,244233
New Hanover,2030,259215
New Hanover,2032,265209
New Hanover,2039,286185
New Hanover,2046,307162
New Hanover,2050,319147
Northampton,2010,21961
Northampton,2026,16374
Northampton,2034,15099
Northampton,2044,13506
Northampton,2045,13347
Northampton,2047,13031
Onslow,2012,191036
Onslow,2038,248253
Onslow,2040,253077
Onslow,2050,277197
Orange,2013,139785
Orange,2016,142752
Orange,2041,176916
Orange,2047,185294
Orange,2049,188065
Pamlico,2013,12701
Pamlico,2019,12304
Pamlico,2024,12228
Pamlico,2027,12121
Pamlico,2045,11486
Pasquotank,2014,39535
Pasquotank,2030,41324
Pasquotank,2032,41373
Pasquotank,2037,41439
Pasquotank,2046,41474
Pender,2014,54935
Pender,2029,73865
Pender,2043,88180
Perquimans,2014,13360
Perquimans,2048,14171
Person,2013,38696
Person,2016,38863
Person,2027,39986
Person,2029,40102
Person,2050,40631
Pitt,2011,169145
Pitt,2012,170140
Pitt,2037,191065
Pitt,2048,214856
Pitt,2049,217096
Polk,2010,20413
Polk,2016,19676
Polk,2021,19559
Polk,2027,19620
Polk,2035,19652
Polk,2042,19658
Randolph,2013,142084
Randolph,2018,143096
Randolph,2021,145044
Randolph,2023,146470
Randolph,2025,147820
Randolph,2028,149844
Randolph,2044,160637
Richmond,2010,46586
Richmond,2013,45341
Richmond,2019,43474
Richmond,2038,39259
Robeson,2019,117844
Robeson,2026,118393
Robeson,2037,120264
Robeson,2046,120777
Robeson,2049,120864
Rockingham,2011,93183
Rockingham,2022,91912
Rockingham,2023,91991
Rockingham,2036,92040
Rockingham,2037,92041
Rockingham,2040,92040
Rockingham,2044,92040
Rowan,2034,159142
Rowan,2041,164982
Rowan,2049,171627
Rutherford,2011,67471
Rutherford,2020,64472
Rutherford,2035,66396
Rutherford,2036,66564
Rutherford,2043,67723
Rutherford,2048,68534
Sampson,2014,62095
Sampson,2020,59056
Sampson,2046,58821
Sampson,2049,58821
Scotland,2017,34932
Scotland,2018,34639
Scotland,2029,32221
Scotland,2033,31711
Scotland,2048,29799
Stanly,2014,60315
Stanly,2015,60316
Stanly,2026,63505
Stanly,2032,64699
Stokes,2013,45902
Stokes,2015,45341
Stokes,2021,44884
Stokes,2030,45726
Stokes,2042,45855
Stokes,2045,45858
Stokes,2049,45860
Stokes,2050,45860
Surry,2017,71308
Surry,2030,70964
Surry,2047,70191
Swain,2014,14646
Swain,2015,14693
Swain,2024,14419
Swain,2026,14505
Swain,2030,14649
Swain,2032,14716
Swain,2035,14813
Swain,2037,14878
Swain,2039,14941
Swain,2050,15293
Transylvania,2013,32522
Transylvania,2031,34919
Transylvania,2040,36393
Tyrrell,2031,2912
Tyrrell,2037,2744
Tyrrell,2039,2687
Tyrrell,2044,2557
Union,2012,207411
Union,2020,238980
Union,2026,268672
Union,2032,305067
Union,2038,342927
Vance,2012,44834
Vance,2023,41815
Vance,2024,41660
Vance,2029,41297
Vance,2039,41179
Vance,2043,41175
Wake,2011,927141
Wake,2016,1046660
Wake,2022,1169294
Wake,2029,1340691
Wake,2036,1522231
Wake,2044,1729760
Warren,2028,18957
Warren,2033,18995
Warren,2036,19012
Warren,2038,19022
Warren,2039,19027
Warren,2041,19038
Warren,2050,19082
Washington,2011,12886
Washington,2015,11915
Washington,2024,10254
Washington,2036,8608
Washington,2037,8507
Washington,2044,7923
Washington,2045,7859
Watauga,2024,53881
Watauga,2037,59293
Wayne,2014,122108
Wayne,2023,117447
Wayne,2028,117157
Wayne,2031,117074
Wayne,2036,117005
Wayne,2039,116987
Wayne,2042,116976
Wayne,2048,116967
Wilkes,2018,66445
Wilkes,2024,65502
Wilkes,2038,64556
Wilkes,2042,64537
Wilson,2012,80510
Wilson,2020,79374
Wilson,2022,77877
Wilson,2034,76049
Wilson,2037,76579
Wilson,2039,77037
Yadkin,2010,38410
Yadkin,2014,37471
Yadkin,2039,36993
Yadkin,2042,36993
Yadkin,2046,36992
Yancey,2016,17881
Yancey,2026,18392
Yancey,2046,18069
State,2022,10667874
State,2023,10794463
State,2027,11270518
State,2035,12221349
State,2036,12340744
State,2037,12459664